time,well,iptg,strain,rbs,temp,OD600,fluor,mCherry_high,mCherry_low
0.0,B2,0.01875,MCH10,RBS0.25,37.1,0.023216670379042625,mCherry,831.5,192.16666666666666
0.0,B3,0.01875,MCH10,RBS0.25,37.1,0.0287166740745306,mCherry,797.5,192.16666666666666
0.0,B4,0.01875,MCH75,RBS0.125,37.1,0.01641666702926159,mCherry,398.5,104.16666666666667
0.0,B5,0.01875,MCH75,RBS4,37.1,0.016716664656996727,mCherry,356.5,79.16666666666667
0.0,B9,0.01875,MCH50,RBS2,37.1,0.01871666871011257,mCherry,675.5,159.16666666666666
0.0,B10,0.01875,MCH25,RBS2,37.1,0.016616670414805412,mCherry,533.5,127.16666666666667
0.0,B11,0.01875,MCH50,RBS0.25,37.1,0.016616670414805412,mCherry,429.5,108.16666666666667
0.0,C2,0.01875,MCH25,RBS0.25,37.1,0.02941667102277279,mCherry,520.5,129.16666666666666
0.0,C3,0.01875,MCH10,RBS1,37.1,0.03041667304933071,mCherry,568.5,139.16666666666666
0.0,C4,0.01875,MCH50,RBS2,37.1,0.023216670379042625,mCherry,647.5,157.16666666666666
0.0,C5,0.01875,MCH10,RBS1,37.1,0.02331666462123394,mCherry,603.5,151.16666666666666
0.0,C6,0.01875,MCH10,RBS0.5,37.1,0.025016671046614647,mCherry,450.5,110.16666666666667
0.0,C7,0.01875,MCH75,RBS0.25,37.1,0.024716665968298912,mCherry,319.5,79.16666666666667
0.0,C8,0.01875,MCH25,RBS0.125,37.1,0.02521667443215847,mCherry,452.5,109.16666666666667
0.0,C9,0.01875,MCH50,RBS1,37.1,0.022816671058535576,mCherry,697.5,166.16666666666666
0.0,C10,0.01875,MCH75,RBS0.125,37.1,0.02251666598021984,mCherry,436.5,110.16666666666667
0.0,C11,0.01875,MCH25,RBS4,37.1,0.015916666015982628,mCherry,400.5,107.16666666666667
0.0,D2,0.01875,MCH25,RBS2,37.1,0.022816671058535576,mCherry,504.5,130.16666666666666
0.0,D3,0.01875,MCH75,RBS0.5,37.1,0.0181166660040617,mCherry,280.5,69.16666666666667
0.0,D4,0.01875,MCH50,RBS0.125,37.1,0.01741666905581951,mCherry,400.5,102.16666666666667
0.0,D5,0.01875,MCH10,RBS2,37.1,0.01871666871011257,mCherry,532.5,131.16666666666666
0.0,D7,0.01875,MCH50,RBS0.25,37.1,0.01981666497886181,mCherry,457.5,116.16666666666667
0.0,D8,0.01875,MCH25,RBS0.5,37.1,0.019716670736670494,mCherry,313.5,79.16666666666667
0.0,D9,0.01875,MCH10,RBS0.125,37.1,0.021716667339205742,mCherry,545.5,133.16666666666666
0.0,D10,0.01875,MCH75,RBS2,37.1,0.01851666532456875,mCherry,491.5,113.16666666666667
0.0,D11,0.01875,MCH50,RBS4,37.1,0.017516670748591423,mCherry,521.5,133.16666666666666
0.0,E3,0.01875,MCH50,RBS0.125,37.1,0.03301667235791683,mCherry,416.5,101.16666666666667
0.0,E4,0.01875,MCH50,RBS1,37.1,0.025916671380400658,mCherry,688.5,179.16666666666666
0.0,E6,0.01875,MCH25,RBS1,37.1,0.029316669330000877,mCherry,586.5,140.16666666666666
0.0,E7,0.01875,MCH25,RBS0.125,37.1,0.026716670021414757,mCherry,449.5,108.16666666666667
0.0,E9,0.01875,MCH10,RBS4,37.1,0.022616667672991753,mCherry,415.5,101.16666666666667
0.0,E10,0.01875,MCH50,RBS0.5,37.1,0.02161666564643383,mCherry,394.5,101.16666666666667
0.0,E11,0.01875,MCH25,RBS0.5,37.1,0.01901666633784771,mCherry,335.5,83.16666666666667
0.0,F5,0.01875,MCH75,RBS0.25,37.1,0.02151666395366192,mCherry,343.5,79.16666666666667
0.0,F6,0.01875,MCH75,RBS2,37.1,0.021016670390963554,mCherry,474.5,115.16666666666667
0.0,F7,0.01875,MCH50,RBS4,37.1,0.021716667339205742,mCherry,510.5,122.16666666666667
0.0,F8,0.01875,MCH10,RBS4,37.1,0.021316668018698692,mCherry,381.5,99.16666666666667
0.0,F9,0.01875,MCH10,RBS2,37.1,0.018416671082377434,mCherry,516.5,126.16666666666667
0.0,F10,0.01875,MCH25,RBS0.25,37.1,0.019216669723391533,mCherry,547.5,135.16666666666666
0.0,F11,0.01875,MCH75,RBS1,37.1,0.01871666871011257,mCherry,428.5,107.16666666666667
0.0,G3,0.01875,MCH25,RBS1,37.1,0.029016664251685143,mCherry,576.5,144.16666666666666
0.0,G5,0.01875,MCH75,RBS4,37.1,0.023116668686270714,mCherry,360.5,91.16666666666667
0.0,G6,0.01875,MCH10,RBS0.125,37.1,0.029216667637228966,mCherry,523.5,131.16666666666666
0.0,G7,0.01875,MCH75,RBS1,37.1,0.026716670021414757,mCherry,432.5,111.16666666666667
0.0,G8,0.01875,MCH50,RBS0.5,37.1,0.02211666665971279,mCherry,413.5,103.16666666666667
0.0,G9,0.01875,MCH75,RBS0.5,37.1,0.024316666647791862,mCherry,273.5,71.16666666666667
0.0,G10,0.01875,MCH25,RBS4,37.1,0.0181166660040617,mCherry,386.5,90.16666666666667
0.0,G11,0.01875,MCH10,RBS0.5,37.1,0.019616669043898582,mCherry,481.5,119.16666666666667
912.0,B2,0.01875,MCH10,RBS0.25,37.06666666666666,0.02728334007163842,mCherry,720.9166666666666,169.83333333333334
912.0,B3,0.01875,MCH10,RBS0.25,37.06666666666666,0.03138333496948083,mCherry,741.9166666666666,173.83333333333334
912.0,B4,0.01875,MCH75,RBS0.125,37.06666666666666,0.024383335684736565,mCherry,371.9166666666667,88.83333333333333
912.0,B5,0.01875,MCH75,RBS4,37.06666666666666,0.024283333991964653,mCherry,370.9166666666667,87.83333333333333
912.0,B9,0.01875,MCH50,RBS2,37.06666666666666,0.0262833305944999,mCherry,604.9166666666666,150.83333333333334
912.0,B10,0.01875,MCH25,RBS2,37.06666666666666,0.0262833305944999,mCherry,514.9166666666666,122.83333333333333
912.0,B11,0.01875,MCH50,RBS0.25,37.06666666666666,0.02538333026071389,mCherry,411.9166666666667,97.83333333333333
912.0,C2,0.01875,MCH25,RBS0.25,37.06666666666666,0.031983330224951104,mCherry,476.9166666666667,120.83333333333333
912.0,C3,0.01875,MCH10,RBS1,37.06666666666666,0.037983327483137444,mCherry,572.9166666666666,139.83333333333334
912.0,C4,0.01875,MCH50,RBS2,37.06666666666666,0.029583334301908806,mCherry,606.9166666666666,154.83333333333334
912.0,C5,0.01875,MCH10,RBS1,37.06666666666666,0.03168334004779656,mCherry,575.9166666666666,139.83333333333334
912.0,C6,0.01875,MCH10,RBS0.5,37.06666666666666,0.03138333496948083,mCherry,436.9166666666667,104.83333333333333
912.0,C7,0.01875,MCH75,RBS0.25,37.06666666666666,0.02918332753082116,mCherry,298.9166666666667,69.83333333333333
912.0,C8,0.01875,MCH25,RBS0.125,37.06666666666666,0.030383332942922905,mCherry,407.9166666666667,101.83333333333333
912.0,C9,0.01875,MCH50,RBS1,37.06666666666666,0.030383332942922905,mCherry,658.9166666666666,157.83333333333334
912.0,C10,0.01875,MCH75,RBS0.125,37.06666666666666,0.030183329557379082,mCherry,394.9166666666667,96.83333333333333
912.0,C11,0.01875,MCH25,RBS4,37.06666666666666,0.024683333312471703,mCherry,385.9166666666667,95.83333333333333
912.0,D2,0.01875,MCH25,RBS2,37.06666666666666,0.034683331226309136,mCherry,514.9166666666666,129.83333333333334
912.0,D3,0.01875,MCH75,RBS0.5,37.06666666666666,0.023083336030443505,mCherry,252.91666666666666,61.833333333333336
912.0,D4,0.01875,MCH50,RBS0.125,37.06666666666666,0.025183334325750664,mCherry,376.9166666666667,93.83333333333333
912.0,D5,0.01875,MCH10,RBS2,37.06666666666666,0.026583335672815636,mCherry,519.9166666666666,131.83333333333334
912.0,D7,0.01875,MCH50,RBS0.25,37.06666666666666,0.026383332287271813,mCherry,425.9166666666667,105.83333333333333
912.0,D8,0.01875,MCH25,RBS0.5,37.06666666666666,0.02588333127399285,mCherry,302.9166666666667,74.83333333333333
912.0,D9,0.01875,MCH10,RBS0.125,37.06666666666666,0.029383330916364983,mCherry,483.9166666666667,118.83333333333333
912.0,D10,0.01875,MCH75,RBS2,37.06666666666666,0.02538333026071389,mCherry,463.9166666666667,114.83333333333333
912.0,D11,0.01875,MCH50,RBS4,37.06666666666666,0.025183334325750664,mCherry,491.9166666666667,124.83333333333333
912.0,E3,0.01875,MCH50,RBS0.125,37.06666666666666,0.03998333153625329,mCherry,390.9166666666667,94.83333333333333
912.0,E4,0.01875,MCH50,RBS1,37.06666666666666,0.03248333868881066,mCherry,636.9166666666666,157.83333333333334
912.0,E6,0.01875,MCH25,RBS1,37.06666666666666,0.03388333258529504,mCherry,523.9166666666666,127.83333333333333
912.0,E7,0.01875,MCH25,RBS0.125,37.06666666666666,0.03328333732982476,mCherry,409.9166666666667,102.83333333333333
912.0,E9,0.01875,MCH10,RBS4,37.06666666666666,0.03308333394428094,mCherry,434.9166666666667,102.83333333333333
912.0,E10,0.01875,MCH50,RBS0.5,37.06666666666666,0.028483330582578972,mCherry,364.9166666666667,89.83333333333333
912.0,E11,0.01875,MCH25,RBS0.5,37.06666666666666,0.02538333026071389,mCherry,304.9166666666667,70.83333333333333
912.0,F5,0.01875,MCH75,RBS0.25,37.06666666666666,0.02888333735366662,mCherry,290.9166666666667,71.83333333333333
912.0,F6,0.01875,MCH75,RBS2,37.06666666666666,0.02978333768745263,mCherry,453.9166666666667,115.83333333333333
912.0,F7,0.01875,MCH50,RBS4,37.06666666666666,0.026583335672815636,mCherry,506.9166666666667,125.83333333333333
912.0,F8,0.01875,MCH10,RBS4,37.06666666666666,0.02988333938022454,mCherry,378.9166666666667,104.83333333333333
912.0,F9,0.01875,MCH10,RBS2,37.06666666666666,0.02928332922359307,mCherry,529.9166666666666,126.83333333333333
912.0,F10,0.01875,MCH25,RBS0.25,37.06666666666666,0.026583335672815636,mCherry,493.9166666666667,126.83333333333333
912.0,F11,0.01875,MCH75,RBS1,37.06666666666666,0.0262833305944999,mCherry,375.9166666666667,104.83333333333333
912.0,G3,0.01875,MCH25,RBS1,37.06666666666666,0.033683329199751214,mCherry,545.9166666666666,130.83333333333334
912.0,G5,0.01875,MCH75,RBS4,37.06666666666666,0.029483332609136895,mCherry,366.9166666666667,90.83333333333333
912.0,G6,0.01875,MCH10,RBS0.125,37.06666666666666,0.037783338998754815,mCherry,496.9166666666667,126.83333333333333
912.0,G7,0.01875,MCH75,RBS1,37.06666666666666,0.03088332650562127,mCherry,400.9166666666667,100.83333333333333
912.0,G8,0.01875,MCH50,RBS0.5,37.06666666666666,0.02758333024879296,mCherry,381.9166666666667,95.83333333333333
912.0,G9,0.01875,MCH75,RBS0.5,37.06666666666666,0.03148333666225274,mCherry,259.9166666666667,63.833333333333336
912.0,G10,0.01875,MCH25,RBS4,37.06666666666666,0.029583334301908806,mCherry,380.9166666666667,92.83333333333333
912.0,G11,0.01875,MCH10,RBS0.5,37.06666666666666,0.026783331607778862,mCherry,434.9166666666667,104.83333333333333
1825.0,B2,0.01875,MCH10,RBS0.25,37.1,0.03285000597437222,mCherry,689.0833333333334,161.91666666666666
1825.0,B3,0.01875,MCH10,RBS0.25,37.1,0.036649995793898896,mCherry,697.0833333333334,161.91666666666666
1825.0,B4,0.01875,MCH75,RBS0.125,37.1,0.03304999445875485,mCherry,374.0833333333333,83.91666666666667
1825.0,B5,0.01875,MCH75,RBS4,37.1,0.032249995817740754,mCherry,355.0833333333333,78.91666666666667
1825.0,B9,0.01875,MCH50,RBS2,37.1,0.03384999309976895,mCherry,594.0833333333334,138.91666666666666
1825.0,B10,0.01875,MCH25,RBS2,37.1,0.0342499998708566,mCherry,487.0833333333333,115.91666666666667
1825.0,B11,0.01875,MCH50,RBS0.25,37.1,0.03525000189741452,mCherry,398.0833333333333,92.91666666666667
1825.0,C2,0.01875,MCH25,RBS0.25,37.1,0.040049993743499115,mCherry,479.0833333333333,111.91666666666667
1825.0,C3,0.01875,MCH10,RBS1,37.1,0.044850000490744904,mCherry,531.0833333333334,127.91666666666667
1825.0,C4,0.01875,MCH50,RBS2,37.1,0.03854999815424283,mCherry,592.0833333333334,145.91666666666666
1825.0,C5,0.01875,MCH10,RBS1,37.1,0.04034999882181485,mCherry,528.0833333333334,131.91666666666666
1825.0,C6,0.01875,MCH10,RBS0.5,37.1,0.03864999984701474,mCherry,417.0833333333333,103.91666666666667
1825.0,C7,0.01875,MCH75,RBS0.25,37.1,0.036549994101126984,mCherry,286.0833333333333,67.91666666666667
1825.0,C8,0.01875,MCH25,RBS0.125,37.1,0.03864999984701474,mCherry,401.0833333333333,92.91666666666667
1825.0,C9,0.01875,MCH50,RBS1,37.1,0.03695000087221463,mCherry,620.0833333333334,149.91666666666666
1825.0,C10,0.01875,MCH75,RBS0.125,37.1,0.03674999748667081,mCherry,377.0833333333333,90.91666666666667
1825.0,C11,0.01875,MCH25,RBS4,37.1,0.03214999412496884,mCherry,360.0833333333333,88.91666666666667
1825.0,D2,0.01875,MCH25,RBS2,37.1,0.043150001515944794,mCherry,513.0833333333334,116.91666666666667
1825.0,D3,0.01875,MCH75,RBS0.5,37.1,0.03175000225504239,mCherry,248.08333333333334,56.916666666666664
1825.0,D4,0.01875,MCH50,RBS0.125,37.1,0.03674999748667081,mCherry,369.0833333333333,91.91666666666667
1825.0,D5,0.01875,MCH10,RBS2,37.1,0.03535000359018643,mCherry,490.0833333333333,118.91666666666667
1825.0,D7,0.01875,MCH50,RBS0.25,37.1,0.034949996819098786,mCherry,400.0833333333333,97.91666666666667
1825.0,D8,0.01875,MCH25,RBS0.5,37.1,0.03435000156362851,mCherry,280.0833333333333,67.91666666666667
1825.0,D9,0.01875,MCH10,RBS0.125,37.1,0.03875000153978665,mCherry,475.0833333333333,112.91666666666667
1825.0,D10,0.01875,MCH75,RBS2,37.1,0.03334999953707059,mCherry,435.0833333333333,108.91666666666667
1825.0,D11,0.01875,MCH50,RBS4,37.1,0.033149996151526764,mCherry,468.0833333333333,121.91666666666667
1825.0,E3,0.01875,MCH50,RBS0.125,37.1,0.047449999799331025,mCherry,371.0833333333333,90.91666666666667
1825.0,E4,0.01875,MCH50,RBS1,37.1,0.040650003900130585,mCherry,607.0833333333334,150.91666666666666
1825.0,E6,0.01875,MCH25,RBS1,37.1,0.04214999948938687,mCherry,509.0833333333333,121.91666666666667
1825.0,E7,0.01875,MCH25,RBS0.125,37.1,0.04294999813040097,mCherry,401.0833333333333,93.91666666666667
1825.0,E9,0.01875,MCH10,RBS4,37.1,0.04104999577005704,mCherry,402.0833333333333,98.91666666666667
1825.0,E10,0.01875,MCH50,RBS0.5,37.1,0.03455000494917233,mCherry,380.0833333333333,92.91666666666667
1825.0,E11,0.01875,MCH25,RBS0.5,37.1,0.033750006308158234,mCherry,287.0833333333333,74.91666666666667
1825.0,F5,0.01875,MCH75,RBS0.25,37.1,0.040650003900130585,mCherry,269.0833333333333,67.91666666666667
1825.0,F6,0.01875,MCH75,RBS2,37.1,0.0399500069518884,mCherry,446.0833333333333,104.91666666666667
1825.0,F7,0.01875,MCH50,RBS4,37.1,0.03594999884565671,mCherry,486.0833333333333,122.91666666666667
1825.0,F8,0.01875,MCH10,RBS4,37.1,0.041450002541144684,mCherry,380.0833333333333,93.91666666666667
1825.0,F9,0.01875,MCH10,RBS2,37.1,0.03944999848802884,mCherry,488.0833333333333,116.91666666666667
1825.0,F10,0.01875,MCH25,RBS0.25,37.1,0.035450005282958344,mCherry,452.0833333333333,113.91666666666667
1825.0,F11,0.01875,MCH75,RBS1,37.1,0.03564999376734097,mCherry,370.0833333333333,89.91666666666667
1825.0,G3,0.01875,MCH25,RBS1,37.1,0.04354999338587125,mCherry,525.0833333333334,126.91666666666667
1825.0,G5,0.01875,MCH75,RBS4,37.1,0.036649995793898896,mCherry,335.0833333333333,87.91666666666667
1825.0,G6,0.01875,MCH10,RBS0.125,37.1,0.04675000285108884,mCherry,475.0833333333333,118.91666666666667
1825.0,G7,0.01875,MCH75,RBS1,37.1,0.04024999712904294,mCherry,377.0833333333333,94.91666666666667
1825.0,G8,0.01875,MCH50,RBS0.5,37.1,0.034949996819098786,mCherry,371.0833333333333,88.91666666666667
1825.0,G9,0.01875,MCH75,RBS0.5,37.1,0.03844999646147092,mCherry,233.08333333333334,63.916666666666664
1825.0,G10,0.01875,MCH25,RBS4,37.1,0.038249993075927094,mCherry,361.0833333333333,88.91666666666667
1825.0,G11,0.01875,MCH10,RBS0.5,37.1,0.03515000020464261,mCherry,406.0833333333333,103.91666666666667
2737.0,B2,0.01875,MCH10,RBS0.25,37.166666666666664,0.05065833404660225,mCherry,681.0833333333334,155.66666666666666
2737.0,B3,0.01875,MCH10,RBS0.25,37.166666666666664,0.05245833471417427,mCherry,703.0833333333334,156.66666666666666
2737.0,B4,0.01875,MCH75,RBS0.125,37.166666666666664,0.051858339458703995,mCherry,361.0833333333333,83.66666666666667
2737.0,B5,0.01875,MCH75,RBS4,37.166666666666664,0.04995833709836006,mCherry,356.0833333333333,78.66666666666667
2737.0,B9,0.01875,MCH50,RBS2,37.166666666666664,0.05145833268761635,mCherry,570.0833333333334,140.66666666666666
2737.0,B10,0.01875,MCH25,RBS2,37.166666666666664,0.050958339124917984,mCherry,496.0833333333333,119.66666666666667
2737.0,B11,0.01875,MCH50,RBS0.25,37.166666666666664,0.05455834046006203,mCherry,383.0833333333333,96.66666666666667
2737.0,C2,0.01875,MCH25,RBS0.25,37.166666666666664,0.05855833366513252,mCherry,476.0833333333333,112.66666666666667
2737.0,C3,0.01875,MCH10,RBS1,37.166666666666664,0.06195833161473274,mCherry,547.0833333333334,128.66666666666666
2737.0,C4,0.01875,MCH50,RBS2,37.166666666666664,0.055558327585458755,mCherry,594.0833333333334,142.66666666666666
2737.0,C5,0.01875,MCH10,RBS1,37.166666666666664,0.05795833840966225,mCherry,555.0833333333334,128.66666666666666
2737.0,C6,0.01875,MCH10,RBS0.5,37.166666666666664,0.053658340126276016,mCherry,414.0833333333333,98.66666666666667
2737.0,C7,0.01875,MCH75,RBS0.25,37.166666666666664,0.05245833471417427,mCherry,296.0833333333333,65.66666666666667
2737.0,C8,0.01875,MCH25,RBS0.125,37.166666666666664,0.057858336716890335,mCherry,398.0833333333333,94.66666666666667
2737.0,C9,0.01875,MCH50,RBS1,37.166666666666664,0.0551583357155323,mCherry,621.0833333333334,148.66666666666666
2737.0,C10,0.01875,MCH75,RBS0.125,37.166666666666664,0.05235833302140236,mCherry,381.0833333333333,93.66666666666667
2737.0,C11,0.01875,MCH25,RBS4,37.166666666666664,0.048758331686258316,mCherry,364.0833333333333,90.66666666666667
2737.0,D2,0.01875,MCH25,RBS2,37.166666666666664,0.05715833976864815,mCherry,516.0833333333334,131.66666666666666
2737.0,D3,0.01875,MCH75,RBS0.5,37.166666666666664,0.04565833881497383,mCherry,251.08333333333334,55.666666666666664
2737.0,D4,0.01875,MCH50,RBS0.125,37.166666666666664,0.052958328276872635,mCherry,359.0833333333333,88.66666666666667
2737.0,D5,0.01875,MCH10,RBS2,37.166666666666664,0.050158340483903885,mCherry,507.0833333333333,122.66666666666667
2737.0,D7,0.01875,MCH50,RBS0.25,37.166666666666664,0.050358328968286514,mCherry,402.0833333333333,97.66666666666667
2737.0,D8,0.01875,MCH25,RBS0.5,37.166666666666664,0.04985833540558815,mCherry,300.0833333333333,71.66666666666667
2737.0,D9,0.01875,MCH10,RBS0.125,37.166666666666664,0.05495833232998848,mCherry,461.0833333333333,110.66666666666667
2737.0,D10,0.01875,MCH75,RBS2,37.166666666666664,0.048758331686258316,mCherry,435.0833333333333,104.66666666666667
2737.0,D11,0.01875,MCH50,RBS4,37.166666666666664,0.04855832830071449,mCherry,479.0833333333333,115.66666666666667
2737.0,E3,0.01875,MCH50,RBS0.125,37.166666666666664,0.06825833395123482,mCherry,382.0833333333333,92.66666666666667
2737.0,E4,0.01875,MCH50,RBS1,37.166666666666664,0.05765833333134651,mCherry,651.0833333333334,148.66666666666666
2737.0,E6,0.01875,MCH25,RBS1,37.166666666666664,0.05975833907723427,mCherry,507.0833333333333,120.66666666666667
2737.0,E7,0.01875,MCH25,RBS0.125,37.166666666666664,0.062058333307504654,mCherry,395.0833333333333,94.66666666666667
2737.0,E9,0.01875,MCH10,RBS4,37.166666666666664,0.05825832858681679,mCherry,380.0833333333333,99.66666666666667
2737.0,E10,0.01875,MCH50,RBS0.5,37.166666666666664,0.04625833407044411,mCherry,374.0833333333333,93.66666666666667
2737.0,E11,0.01875,MCH25,RBS0.5,37.166666666666664,0.051858339458703995,mCherry,307.0833333333333,72.66666666666667
2737.0,F5,0.01875,MCH75,RBS0.25,37.166666666666664,0.05395833030343056,mCherry,284.0833333333333,70.66666666666667
2737.0,F6,0.01875,MCH75,RBS2,37.166666666666664,0.055258337408304214,mCherry,445.0833333333333,112.66666666666667
2737.0,F7,0.01875,MCH50,RBS4,37.166666666666664,0.04935832694172859,mCherry,489.0833333333333,116.66666666666667
2737.0,F8,0.01875,MCH10,RBS4,37.166666666666664,0.05235833302140236,mCherry,385.0833333333333,96.66666666666667
2737.0,F9,0.01875,MCH10,RBS2,37.166666666666664,0.052758339792490005,mCherry,512.0833333333334,116.66666666666667
2737.0,F10,0.01875,MCH25,RBS0.25,37.166666666666664,0.048658329993486404,mCherry,477.0833333333333,114.66666666666667
2737.0,F11,0.01875,MCH75,RBS1,37.166666666666664,0.05285832658410072,mCherry,363.0833333333333,90.66666666666667
2737.0,G3,0.01875,MCH25,RBS1,37.166666666666664,0.06295833364129066,mCherry,510.0833333333333,133.66666666666666
2737.0,G5,0.01875,MCH75,RBS4,37.166666666666664,0.05285832658410072,mCherry,343.0833333333333,83.66666666666667
2737.0,G6,0.01875,MCH10,RBS0.125,37.166666666666664,0.06545833125710487,mCherry,477.0833333333333,119.66666666666667
2737.0,G7,0.01875,MCH75,RBS1,37.166666666666664,0.0583583302795887,mCherry,373.0833333333333,94.66666666666667
2737.0,G8,0.01875,MCH50,RBS0.5,37.166666666666664,0.050358328968286514,mCherry,386.0833333333333,96.66666666666667
2737.0,G9,0.01875,MCH75,RBS0.5,37.166666666666664,0.055558327585458755,mCherry,248.08333333333334,62.666666666666664
2737.0,G10,0.01875,MCH25,RBS4,37.166666666666664,0.056958336383104324,mCherry,358.0833333333333,88.66666666666667
2737.0,G11,0.01875,MCH10,RBS0.5,37.166666666666664,0.051258329302072525,mCherry,421.0833333333333,99.66666666666667
3650.0,B2,0.01875,MCH10,RBS0.25,37.06666666666666,0.0691750030964613,mCherry,686.0833333333334,158.58333333333334
3650.0,B3,0.01875,MCH10,RBS0.25,37.06666666666666,0.0715749990195036,mCherry,694.0833333333334,157.58333333333334
3650.0,B4,0.01875,MCH75,RBS0.125,37.06666666666666,0.07527500204741955,mCherry,374.0833333333333,85.58333333333333
3650.0,B5,0.01875,MCH75,RBS4,37.06666666666666,0.07207500748336315,mCherry,338.0833333333333,80.58333333333333
3650.0,B9,0.01875,MCH50,RBS2,37.06666666666666,0.07537500374019146,mCherry,607.0833333333334,142.58333333333334
3650.0,B10,0.01875,MCH25,RBS2,37.06666666666666,0.07527500204741955,mCherry,530.0833333333334,122.58333333333333
3650.0,B11,0.01875,MCH50,RBS0.25,37.06666666666666,0.08087500743567944,mCherry,404.0833333333333,92.58333333333333
3650.0,C2,0.01875,MCH25,RBS0.25,37.06666666666666,0.08127499930560589,mCherry,502.0833333333333,126.58333333333333
3650.0,C3,0.01875,MCH10,RBS1,37.06666666666666,0.07837499491870403,mCherry,565.0833333333334,135.58333333333334
3650.0,C4,0.01875,MCH50,RBS2,37.06666666666666,0.0789750050753355,mCherry,610.0833333333334,145.58333333333334
3650.0,C5,0.01875,MCH10,RBS1,37.06666666666666,0.08117499761283398,mCherry,569.0833333333334,139.58333333333334
3650.0,C6,0.01875,MCH10,RBS0.5,37.06666666666666,0.07417499832808971,mCherry,438.0833333333333,103.58333333333333
3650.0,C7,0.01875,MCH75,RBS0.25,37.06666666666666,0.07787500135600567,mCherry,287.0833333333333,71.58333333333333
3650.0,C8,0.01875,MCH25,RBS0.125,37.06666666666666,0.08477499894797802,mCherry,415.0833333333333,102.58333333333333
3650.0,C9,0.01875,MCH50,RBS1,37.06666666666666,0.0805750023573637,mCherry,653.0833333333334,150.58333333333334
3650.0,C10,0.01875,MCH75,RBS0.125,37.06666666666666,0.07667499594390392,mCherry,374.0833333333333,91.58333333333333
3650.0,C11,0.01875,MCH25,RBS4,37.06666666666666,0.07337499968707561,mCherry,382.0833333333333,94.58333333333333
3650.0,D2,0.01875,MCH25,RBS2,37.06666666666666,0.07947499863803387,mCherry,526.0833333333334,132.58333333333334
3650.0,D3,0.01875,MCH75,RBS0.5,37.06666666666666,0.06687499396502972,mCherry,242.08333333333334,60.583333333333336
3650.0,D4,0.01875,MCH50,RBS0.125,37.06666666666666,0.08147500269114971,mCherry,377.0833333333333,90.58333333333333
3650.0,D5,0.01875,MCH10,RBS2,37.06666666666666,0.07147499732673168,mCherry,526.0833333333334,126.58333333333333
3650.0,D7,0.01875,MCH50,RBS0.25,37.06666666666666,0.07887500338256359,mCherry,417.0833333333333,99.58333333333333
3650.0,D8,0.01875,MCH25,RBS0.5,37.06666666666666,0.07417499832808971,mCherry,310.0833333333333,76.58333333333333
3650.0,D9,0.01875,MCH10,RBS0.125,37.06666666666666,0.07927499525249004,mCherry,480.0833333333333,118.58333333333333
3650.0,D10,0.01875,MCH75,RBS2,37.06666666666666,0.07497499696910381,mCherry,449.0833333333333,108.58333333333333
3650.0,D11,0.01875,MCH50,RBS4,37.06666666666666,0.07227499596774578,mCherry,490.0833333333333,120.58333333333333
3650.0,E3,0.01875,MCH50,RBS0.125,37.06666666666666,0.09997500292956829,mCherry,392.0833333333333,95.58333333333333
3650.0,E4,0.01875,MCH50,RBS1,37.06666666666666,0.08307499997317791,mCherry,635.0833333333334,159.58333333333334
3650.0,E6,0.01875,MCH25,RBS1,37.06666666666666,0.08597500436007977,mCherry,508.0833333333333,128.58333333333334
3650.0,E7,0.01875,MCH25,RBS0.125,37.06666666666666,0.08967500738799572,mCherry,406.0833333333333,102.58333333333333
3650.0,E9,0.01875,MCH10,RBS4,37.06666666666666,0.0837749969214201,mCherry,429.0833333333333,99.58333333333333
3650.0,E10,0.01875,MCH50,RBS0.5,37.06666666666666,0.06737500242888927,mCherry,394.0833333333333,92.58333333333333
3650.0,E11,0.01875,MCH25,RBS0.5,37.06666666666666,0.07547500543296337,mCherry,348.0833333333333,77.58333333333333
3650.0,F5,0.01875,MCH75,RBS0.25,37.06666666666666,0.07787500135600567,mCherry,307.0833333333333,74.58333333333333
3650.0,F6,0.01875,MCH75,RBS2,37.06666666666666,0.0797750037163496,mCherry,464.0833333333333,107.58333333333333
3650.0,F7,0.01875,MCH50,RBS4,37.06666666666666,0.07227499596774578,mCherry,496.0833333333333,121.58333333333333
3650.0,F8,0.01875,MCH10,RBS4,37.06666666666666,0.07307499460875988,mCherry,400.0833333333333,96.58333333333333
3650.0,F9,0.01875,MCH10,RBS2,37.06666666666666,0.06977499835193157,mCherry,511.0833333333333,126.58333333333333
3650.0,F10,0.01875,MCH25,RBS0.25,37.06666666666666,0.06967499665915966,mCherry,474.0833333333333,119.58333333333333
3650.0,F11,0.01875,MCH75,RBS1,37.06666666666666,0.07787500135600567,mCherry,384.0833333333333,98.58333333333333
3650.0,G3,0.01875,MCH25,RBS1,37.06666666666666,0.08937500230967999,mCherry,540.0833333333334,133.58333333333334
3650.0,G5,0.01875,MCH75,RBS4,37.06666666666666,0.07707500271499157,mCherry,355.0833333333333,87.58333333333333
3650.0,G6,0.01875,MCH10,RBS0.125,37.06666666666666,0.0918749999254942,mCherry,507.0833333333333,125.58333333333333
3650.0,G7,0.01875,MCH75,RBS1,37.06666666666666,0.08427500538527966,mCherry,389.0833333333333,101.58333333333333
3650.0,G8,0.01875,MCH50,RBS0.5,37.06666666666666,0.06827500276267529,mCherry,397.0833333333333,96.58333333333333
3650.0,G9,0.01875,MCH75,RBS0.5,37.06666666666666,0.07547500543296337,mCherry,245.08333333333334,64.58333333333333
3650.0,G10,0.01875,MCH25,RBS4,37.06666666666666,0.08337500505149364,mCherry,398.0833333333333,96.58333333333333
3650.0,G11,0.01875,MCH10,RBS0.5,37.06666666666666,0.07127499394118786,mCherry,453.0833333333333,103.58333333333333
4562.0,B2,0.01875,MCH10,RBS0.25,37.06666666666667,0.09632500074803829,mCherry,697.5,166.08333333333334
4562.0,B3,0.01875,MCH10,RBS0.25,37.06666666666667,0.09762499295175076,mCherry,749.5,164.08333333333334
4562.0,B4,0.01875,MCH75,RBS0.125,37.06666666666667,0.1126249935477972,mCherry,411.5,86.08333333333333
4562.0,B5,0.01875,MCH75,RBS4,37.06666666666667,0.10872500203549862,mCherry,351.5,82.08333333333333
4562.0,B9,0.01875,MCH50,RBS2,37.06666666666667,0.11222500167787075,mCherry,675.5,154.08333333333334
4562.0,B10,0.01875,MCH25,RBS2,37.06666666666667,0.10822499357163906,mCherry,611.5,143.08333333333334
4562.0,B11,0.01875,MCH50,RBS0.25,37.06666666666667,0.11852500401437283,mCherry,447.5,110.08333333333333
4562.0,C2,0.01875,MCH25,RBS0.25,37.06666666666667,0.10642499290406704,mCherry,556.5,139.08333333333334
4562.0,C3,0.01875,MCH10,RBS1,37.06666666666667,0.11382499895989895,mCherry,653.5,163.08333333333334
4562.0,C4,0.01875,MCH50,RBS2,37.06666666666667,0.1150250043720007,mCherry,655.5,157.08333333333334
4562.0,C5,0.01875,MCH10,RBS1,37.06666666666667,0.11002499423921108,mCherry,670.5,156.08333333333334
4562.0,C6,0.01875,MCH10,RBS0.5,37.06666666666667,0.1004249956458807,mCherry,494.5,121.08333333333333
4562.0,C7,0.01875,MCH75,RBS0.25,37.06666666666667,0.11692500673234463,mCherry,301.5,70.08333333333333
4562.0,C8,0.01875,MCH25,RBS0.125,37.06666666666667,0.12002499960362911,mCherry,470.5,115.08333333333333
4562.0,C9,0.01875,MCH50,RBS1,37.06666666666667,0.11712499521672726,mCherry,679.5,169.08333333333334
4562.0,C10,0.01875,MCH75,RBS0.125,37.06666666666667,0.11112499795854092,mCherry,412.5,95.08333333333333
4562.0,C11,0.01875,MCH25,RBS4,37.06666666666667,0.10892500542104244,mCherry,462.5,111.08333333333333
4562.0,D2,0.01875,MCH25,RBS2,37.06666666666667,0.1142250057309866,mCherry,614.5,137.08333333333334
4562.0,D3,0.01875,MCH75,RBS0.5,37.06666666666667,0.09742500446736813,mCherry,257.5,60.083333333333336
4562.0,D4,0.01875,MCH50,RBS0.125,37.06666666666667,0.11772500537335873,mCherry,413.5,101.08333333333333
4562.0,D5,0.01875,MCH10,RBS2,37.06666666666667,0.10082500241696835,mCherry,612.5,146.08333333333334
4562.0,D7,0.01875,MCH50,RBS0.25,37.06666666666667,0.11062500439584255,mCherry,452.5,110.08333333333333
4562.0,D8,0.01875,MCH25,RBS0.5,37.06666666666667,0.10592499934136868,mCherry,358.5,90.08333333333333
4562.0,D9,0.01875,MCH10,RBS0.125,37.06666666666667,0.1109249945729971,mCherry,570.5,136.08333333333334
4562.0,D10,0.01875,MCH75,RBS2,37.06666666666667,0.11202499829232693,mCherry,465.5,112.08333333333333
4562.0,D11,0.01875,MCH50,RBS4,37.06666666666667,0.10802500508725643,mCherry,531.5,127.08333333333333
4562.0,E3,0.01875,MCH50,RBS0.125,37.06666666666667,0.1419249977916479,mCherry,422.5,100.08333333333333
4562.0,E4,0.01875,MCH50,RBS1,37.06666666666667,0.12002499960362911,mCherry,698.5,175.08333333333334
4562.0,E6,0.01875,MCH25,RBS1,37.06666666666667,0.11942500434815884,mCherry,582.5,145.08333333333334
4562.0,E7,0.01875,MCH25,RBS0.125,37.06666666666667,0.12602499686181545,mCherry,481.5,114.08333333333333
4562.0,E9,0.01875,MCH10,RBS4,37.06666666666667,0.11462499760091305,mCherry,486.5,118.08333333333333
4562.0,E10,0.01875,MCH50,RBS0.5,37.06666666666667,0.09542500041425228,mCherry,442.5,103.08333333333333
4562.0,E11,0.01875,MCH25,RBS0.5,37.06666666666667,0.10962500236928463,mCherry,396.5,93.08333333333333
4562.0,F5,0.01875,MCH75,RBS0.25,37.06666666666667,0.118325000628829,mCherry,303.5,80.08333333333333
4562.0,F6,0.01875,MCH75,RBS2,37.06666666666667,0.11742500029504299,mCherry,473.5,116.08333333333333
4562.0,F7,0.01875,MCH50,RBS4,37.06666666666667,0.10832499526441097,mCherry,543.5,127.08333333333333
4562.0,F8,0.01875,MCH10,RBS4,37.06666666666667,0.10472499392926693,mCherry,479.5,117.08333333333333
4562.0,F9,0.01875,MCH10,RBS2,37.06666666666667,0.10022500716149807,mCherry,566.5,141.08333333333334
4562.0,F10,0.01875,MCH25,RBS0.25,37.06666666666667,0.10262500308454037,mCherry,560.5,131.08333333333334
4562.0,F11,0.01875,MCH75,RBS1,37.06666666666667,0.11702499352395535,mCherry,427.5,106.08333333333333
4562.0,G3,0.01875,MCH25,RBS1,37.06666666666667,0.12442499957978725,mCherry,642.5,156.08333333333334
4562.0,G5,0.01875,MCH75,RBS4,37.06666666666667,0.10962500236928463,mCherry,385.5,86.08333333333333
4562.0,G6,0.01875,MCH10,RBS0.125,37.06666666666667,0.1223249938338995,mCherry,587.5,137.08333333333334
4562.0,G7,0.01875,MCH75,RBS1,37.06666666666667,0.12522499822080135,mCherry,433.5,110.08333333333333
4562.0,G8,0.01875,MCH50,RBS0.5,37.06666666666667,0.09792499803006649,mCherry,442.5,105.08333333333333
4562.0,G9,0.01875,MCH75,RBS0.5,37.06666666666667,0.10562499426305294,mCherry,271.5,66.08333333333333
4562.0,G10,0.01875,MCH25,RBS4,37.06666666666667,0.11682500503957272,mCherry,468.5,108.08333333333333
4562.0,G11,0.01875,MCH10,RBS0.5,37.06666666666667,0.09712499938905239,mCherry,506.5,126.08333333333333
5475.0,B2,0.01875,MCH10,RBS0.25,37.13333333333333,0.12598333631952602,mCherry,844.75,184.83333333333334
5475.0,B3,0.01875,MCH10,RBS0.25,37.13333333333333,0.12948333596189815,mCherry,839.75,189.83333333333334
5475.0,B4,0.01875,MCH75,RBS0.125,37.13333333333333,0.164783322562774,mCherry,466.75,103.83333333333333
5475.0,B5,0.01875,MCH75,RBS4,37.13333333333333,0.16098334764440853,mCherry,385.75,86.83333333333333
5475.0,B9,0.01875,MCH50,RBS2,37.13333333333333,0.1607833442588647,mCherry,802.75,185.83333333333334
5475.0,B10,0.01875,MCH25,RBS2,37.13333333333333,0.14428333317240077,mCherry,799.75,182.83333333333334
5475.0,B11,0.01875,MCH50,RBS0.25,37.13333333333333,0.1696833310027917,mCherry,581.75,130.83333333333334
5475.0,C2,0.01875,MCH25,RBS0.25,37.13333333333333,0.14898333822687465,mCherry,734.75,177.83333333333334
5475.0,C3,0.01875,MCH10,RBS1,37.13333333333333,0.13858334099253017,mCherry,906.75,217.83333333333334
5475.0,C4,0.01875,MCH50,RBS2,37.13333333333333,0.16178333138426143,mCherry,773.75,178.83333333333334
5475.0,C5,0.01875,MCH10,RBS1,37.13333333333333,0.1338833359380563,mCherry,922.75,210.83333333333334
5475.0,C6,0.01875,MCH10,RBS0.5,37.13333333333333,0.12698333834608394,mCherry,641.75,155.83333333333334
5475.0,C7,0.01875,MCH75,RBS0.25,37.13333333333333,0.17278333877523738,mCherry,348.75,87.83333333333333
5475.0,C8,0.01875,MCH25,RBS0.125,37.13333333333333,0.15728332971533138,mCherry,649.75,157.83333333333334
5475.0,C9,0.01875,MCH50,RBS1,37.13333333333333,0.16358333205183345,mCherry,896.75,211.83333333333334
5475.0,C10,0.01875,MCH75,RBS0.125,37.13333333333333,0.15868332361181575,mCherry,436.75,108.83333333333333
5475.0,C11,0.01875,MCH25,RBS4,37.13333333333333,0.14908333991964656,mCherry,628.75,141.83333333333334
5475.0,D2,0.01875,MCH25,RBS2,37.13333333333333,0.15068333720167476,mCherry,763.75,178.83333333333334
5475.0,D3,0.01875,MCH75,RBS0.5,37.13333333333333,0.14338333283861476,mCherry,282.75,65.83333333333333
5475.0,D4,0.01875,MCH50,RBS0.125,37.13333333333333,0.17178332184751827,mCherry,523.75,119.83333333333333
5475.0,D5,0.01875,MCH10,RBS2,37.13333333333333,0.13178333019216854,mCherry,799.75,194.83333333333334
5475.0,D7,0.01875,MCH50,RBS0.25,37.13333333333333,0.1599833307166894,mCherry,559.75,133.83333333333334
5475.0,D8,0.01875,MCH25,RBS0.5,37.13333333333333,0.14028333996733028,mCherry,524.75,123.83333333333333
5475.0,D9,0.01875,MCH10,RBS0.125,37.13333333333333,0.14418333147962886,mCherry,718.75,171.83333333333334
5475.0,D10,0.01875,MCH75,RBS2,37.13333333333333,0.1639833388229211,mCherry,543.75,132.83333333333334
5475.0,D11,0.01875,MCH50,RBS4,37.13333333333333,0.15648334597547847,mCherry,608.75,147.83333333333334
5475.0,E3,0.01875,MCH50,RBS0.125,37.13333333333333,0.19608333085974056,mCherry,513.75,119.83333333333333
5475.0,E4,0.01875,MCH50,RBS1,37.13333333333333,0.16688334320982295,mCherry,821.75,201.83333333333334
5475.0,E6,0.01875,MCH25,RBS1,37.13333333333333,0.15358334158857662,mCherry,799.75,190.83333333333334
5475.0,E7,0.01875,MCH25,RBS0.125,37.13333333333333,0.16628333305319148,mCherry,642.75,159.83333333333334
5475.0,E9,0.01875,MCH10,RBS4,37.13333333333333,0.1477833328147729,mCherry,685.75,165.83333333333334
5475.0,E10,0.01875,MCH50,RBS0.5,37.13333333333333,0.13518332814176875,mCherry,486.75,118.83333333333333
5475.0,E11,0.01875,MCH25,RBS0.5,37.13333333333333,0.14828334127863246,mCherry,538.75,126.83333333333333
5475.0,F5,0.01875,MCH75,RBS0.25,37.13333333333333,0.1736833391090234,mCherry,358.75,85.83333333333333
5475.0,F6,0.01875,MCH75,RBS2,37.13333333333333,0.17188333844145137,mCherry,547.75,135.83333333333334
5475.0,F7,0.01875,MCH50,RBS4,37.13333333333333,0.15378334497412044,mCherry,604.75,151.83333333333334
5475.0,F8,0.01875,MCH10,RBS4,37.13333333333333,0.13688332711656886,mCherry,661.75,167.83333333333334
5475.0,F9,0.01875,MCH10,RBS2,37.13333333333333,0.12568333124121028,mCherry,796.75,184.83333333333334
5475.0,F10,0.01875,MCH25,RBS0.25,37.13333333333333,0.13498333965738613,mCherry,689.75,172.83333333333334
5475.0,F11,0.01875,MCH75,RBS1,37.13333333333333,0.17148333167036373,mCherry,513.75,125.83333333333333
5475.0,G3,0.01875,MCH25,RBS1,37.13333333333333,0.1614833412071069,mCherry,800.75,195.83333333333334
5475.0,G5,0.01875,MCH75,RBS4,37.13333333333333,0.15848332022627193,mCherry,383.75,91.83333333333333
5475.0,G6,0.01875,MCH10,RBS0.125,37.13333333333333,0.1574833331008752,mCherry,715.75,173.83333333333334
5475.0,G7,0.01875,MCH75,RBS1,37.13333333333333,0.1800833282371362,mCherry,508.75,124.83333333333333
5475.0,G8,0.01875,MCH50,RBS0.5,37.13333333333333,0.13978333150347072,mCherry,498.75,121.83333333333333
5475.0,G9,0.01875,MCH75,RBS0.5,37.13333333333333,0.15028333043058711,mCherry,296.75,71.83333333333333
5475.0,G10,0.01875,MCH25,RBS4,37.13333333333333,0.1566833195586999,mCherry,586.75,143.83333333333334
5475.0,G11,0.01875,MCH10,RBS0.5,37.13333333333333,0.12268334006269772,mCherry,661.75,158.83333333333334
6387.0,B2,0.01875,MCH10,RBS0.25,37.1,0.14872500114142895,mCherry,1101.4166666666667,229.16666666666666
6387.0,B3,0.01875,MCH10,RBS0.25,37.1,0.1548250149935484,mCherry,1049.4166666666667,230.16666666666666
6387.0,B4,0.01875,MCH75,RBS0.125,37.1,0.22272498719394207,mCherry,572.4166666666666,126.16666666666667
6387.0,B5,0.01875,MCH75,RBS4,37.1,0.22112498991191387,mCherry,416.4166666666667,100.16666666666667
6387.0,B9,0.01875,MCH50,RBS2,37.1,0.20812500827014446,mCherry,1157.4166666666667,262.1666666666667
6387.0,B10,0.01875,MCH25,RBS2,37.1,0.1726249884814024,mCherry,1263.4166666666667,287.1666666666667
6387.0,B11,0.01875,MCH50,RBS0.25,37.1,0.22532500140368938,mCherry,812.4166666666666,186.16666666666666
6387.0,C2,0.01875,MCH25,RBS0.25,37.1,0.1801250111311674,mCherry,1106.4166666666667,262.1666666666667
6387.0,C3,0.01875,MCH10,RBS1,37.1,0.15752498619258404,mCherry,1392.4166666666667,340.1666666666667
6387.0,C4,0.01875,MCH50,RBS2,37.1,0.21382500045001507,mCherry,1083.4166666666667,253.16666666666666
6387.0,C5,0.01875,MCH10,RBS1,37.1,0.1523249875754118,mCherry,1432.4166666666667,342.1666666666667
6387.0,C6,0.01875,MCH10,RBS0.5,37.1,0.1523249875754118,mCherry,978.4166666666666,229.16666666666666
6387.0,C7,0.01875,MCH75,RBS0.25,37.1,0.23412500135600567,mCherry,456.4166666666667,106.16666666666667
6387.0,C8,0.01875,MCH25,RBS0.125,37.1,0.18312500230967999,mCherry,1131.4166666666667,256.1666666666667
6387.0,C9,0.01875,MCH50,RBS1,37.1,0.20642499439418316,mCherry,1331.4166666666667,315.1666666666667
6387.0,C10,0.01875,MCH75,RBS0.125,37.1,0.21682499162852764,mCherry,548.4166666666666,134.16666666666666
6387.0,C11,0.01875,MCH25,RBS4,37.1,0.17972500436007977,mCherry,992.4166666666666,238.16666666666666
6387.0,D2,0.01875,MCH25,RBS2,37.1,0.18502498976886272,mCherry,1082.4166666666667,248.16666666666666
6387.0,D3,0.01875,MCH75,RBS0.5,37.1,0.19982500188052654,mCherry,327.4166666666667,84.16666666666667
6387.0,D4,0.01875,MCH50,RBS0.125,37.1,0.23092500679194927,mCherry,764.4166666666666,176.16666666666666
6387.0,D5,0.01875,MCH10,RBS2,37.1,0.16422499530017376,mCherry,1226.4166666666667,281.1666666666667
6387.0,D7,0.01875,MCH50,RBS0.25,37.1,0.21702499501407146,mCherry,787.4166666666666,187.16666666666666
6387.0,D8,0.01875,MCH25,RBS0.5,37.1,0.17232499830424786,mCherry,873.4166666666666,202.16666666666666
6387.0,D9,0.01875,MCH10,RBS0.125,37.1,0.17532498948276043,mCherry,1024.4166666666667,239.16666666666666
6387.0,D10,0.01875,MCH75,RBS2,37.1,0.22352500073611736,mCherry,725.4166666666666,165.16666666666666
6387.0,D11,0.01875,MCH50,RBS4,37.1,0.20932499878108501,mCherry,844.4166666666666,199.16666666666666
6387.0,E3,0.01875,MCH50,RBS0.125,37.1,0.2547249924391508,mCherry,722.4166666666666,173.16666666666666
6387.0,E4,0.01875,MCH50,RBS1,37.1,0.21532501094043255,mCherry,1213.4166666666667,287.1666666666667
6387.0,E6,0.01875,MCH25,RBS1,37.1,0.17982499115169048,mCherry,1274.4166666666667,300.1666666666667
6387.0,E7,0.01875,MCH25,RBS0.125,37.1,0.19472499005496502,mCherry,1105.4166666666667,255.16666666666666
6387.0,E9,0.01875,MCH10,RBS4,37.1,0.17122499458491802,mCherry,1172.4166666666667,267.1666666666667
6387.0,E10,0.01875,MCH50,RBS0.5,37.1,0.184025002643466,mCherry,580.4166666666666,141.16666666666666
6387.0,E11,0.01875,MCH25,RBS0.5,37.1,0.17692498676478863,mCherry,856.4166666666666,209.16666666666666
6387.0,F5,0.01875,MCH75,RBS0.25,37.1,0.23462499491870403,mCherry,453.4166666666667,110.16666666666667
6387.0,F6,0.01875,MCH75,RBS2,37.1,0.2312249969691038,mCherry,689.4166666666666,168.16666666666666
6387.0,F7,0.01875,MCH50,RBS4,37.1,0.20902500860393047,mCherry,803.4166666666666,192.16666666666666
6387.0,F8,0.01875,MCH10,RBS4,37.1,0.16342501156032085,mCherry,1119.4166666666667,263.1666666666667
6387.0,F9,0.01875,MCH10,RBS2,37.1,0.15992499701678753,mCherry,1170.4166666666667,288.1666666666667
6387.0,F10,0.01875,MCH25,RBS0.25,37.1,0.16972501389682293,mCherry,1036.4166666666667,250.16666666666666
6387.0,F11,0.01875,MCH75,RBS1,37.1,0.23172499053180218,mCherry,733.4166666666666,176.16666666666666
6387.0,G3,0.01875,MCH25,RBS1,37.1,0.18872500769793987,mCherry,1248.4166666666667,307.1666666666667
6387.0,G5,0.01875,MCH75,RBS4,37.1,0.21672500483691692,mCherry,410.4166666666667,104.16666666666667
6387.0,G6,0.01875,MCH10,RBS0.125,37.1,0.18622501008212566,mCherry,1022.4166666666666,236.16666666666666
6387.0,G7,0.01875,MCH75,RBS1,37.1,0.24182499758899212,mCherry,727.4166666666666,170.16666666666666
6387.0,G8,0.01875,MCH50,RBS0.5,37.1,0.1905250083655119,mCherry,575.4166666666666,139.16666666666666
6387.0,G9,0.01875,MCH75,RBS0.5,37.1,0.20232499949634075,mCherry,336.4166666666667,79.16666666666667
6387.0,G10,0.01875,MCH25,RBS4,37.1,0.18942500464618206,mCherry,925.4166666666666,223.16666666666666
6387.0,G11,0.01875,MCH10,RBS0.5,37.1,0.14872500114142895,mCherry,951.4166666666666,239.16666666666666
