time	species	protein	transcript	ribo_density
0.000000	ATA_charged	15.000000	0.000000	0.000000
0.000000	ATA_uncharged	0.000000	0.000000	0.000000
0.000000	TTT_charged	85.000000	0.000000	0.000000
0.000000	TTT_uncharged	0.000000	0.000000	0.000000
0.000000	__proteinX_rbs	200.000000	0.000000	0.000000
0.000000	__ribosome	100.000000	0.000000	0.000000
5.014009	ATA_charged	14.000000	0.000000	0.000000
5.014009	ATA_uncharged	1.000000	0.000000	0.000000
5.014009	TTT_charged	85.000000	0.000000	0.000000
5.014009	TTT_uncharged	0.000000	0.000000	0.000000
5.014009	__proteinX_rbs	200.000000	0.000000	0.000000
5.014009	__ribosome	99.000000	0.000000	0.000000
5.014009	proteinX	2.000000	3.000000	0.333333
11.028746	ATA_charged	15.000000	0.000000	0.000000
11.028746	ATA_uncharged	0.000000	0.000000	0.000000
11.028746	TTT_charged	85.000000	0.000000	0.000000
11.028746	TTT_uncharged	0.000000	0.000000	0.000000
11.028746	__proteinX_rbs	199.000000	0.000000	0.000000
11.028746	__ribosome	99.000000	0.000000	0.000000
11.028746	proteinX	5.000000	5.000000	0.200000
15.001638	ATA_charged	13.000000	0.000000	0.000000
15.001638	ATA_uncharged	2.000000	0.000000	0.000000
15.001638	TTT_charged	85.000000	0.000000	0.000000
15.001638	TTT_uncharged	0.000000	0.000000	0.000000
15.001638	__proteinX_rbs	200.000000	0.000000	0.000000
15.001638	__ribosome	98.000000	0.000000	0.000000
15.001638	proteinX	10.000000	11.000000	0.181818
20.000285	ATA_charged	13.000000	0.000000	0.000000
20.000285	ATA_uncharged	2.000000	0.000000	0.000000
20.000285	TTT_charged	85.000000	0.000000	0.000000
20.000285	TTT_uncharged	0.000000	0.000000	0.000000
20.000285	__proteinX_rbs	200.000000	0.000000	0.000000
20.000285	__ribosome	98.000000	0.000000	0.000000
20.000285	proteinX	17.000000	18.000000	0.111111
25.000203	ATA_charged	13.000000	0.000000	0.000000
25.000203	ATA_uncharged	2.000000	0.000000	0.000000
25.000203	TTT_charged	85.000000	0.000000	0.000000
25.000203	TTT_uncharged	0.000000	0.000000	0.000000
25.000203	__proteinX_rbs	198.000000	0.000000	0.000000
25.000203	__ribosome	98.000000	0.000000	0.000000
25.000203	proteinX	22.000000	21.000000	0.095238
32.134704	ATA_charged	15.000000	0.000000	0.000000
32.134704	ATA_uncharged	0.000000	0.000000	0.000000
32.134704	TTT_charged	85.000000	0.000000	0.000000
32.134704	TTT_uncharged	0.000000	0.000000	0.000000
32.134704	__proteinX_rbs	199.000000	0.000000	0.000000
32.134704	__ribosome	99.000000	0.000000	0.000000
32.134704	proteinX	29.000000	28.000000	0.035714
34.999751	ATA_charged	15.000000	0.000000	0.000000
34.999751	ATA_uncharged	0.000000	0.000000	0.000000
34.999751	TTT_charged	85.000000	0.000000	0.000000
34.999751	TTT_uncharged	0.000000	0.000000	0.000000
34.999751	__proteinX_rbs	200.000000	0.000000	0.000000
34.999751	__ribosome	98.000000	0.000000	0.000000
34.999751	proteinX	31.000000	32.000000	0.062500
39.999175	ATA_charged	13.000000	0.000000	0.000000
39.999175	ATA_uncharged	2.000000	0.000000	0.000000
39.999175	TTT_charged	85.000000	0.000000	0.000000
39.999175	TTT_uncharged	0.000000	0.000000	0.000000
39.999175	__proteinX_rbs	199.000000	0.000000	0.000000
39.999175	__ribosome	97.000000	0.000000	0.000000
39.999175	proteinX	36.000000	36.000000	0.083333
44.999859	ATA_charged	11.000000	0.000000	0.000000
44.999859	ATA_uncharged	4.000000	0.000000	0.000000
44.999859	TTT_charged	84.000000	0.000000	0.000000
44.999859	TTT_uncharged	1.000000	0.000000	0.000000
44.999859	__proteinX_rbs	200.000000	0.000000	0.000000
44.999859	__ribosome	98.000000	0.000000	0.000000
44.999859	proteinX	42.000000	40.000000	0.050000
50.001905	ATA_charged	13.000000	0.000000	0.000000
50.001905	ATA_uncharged	2.000000	0.000000	0.000000
50.001905	TTT_charged	85.000000	0.000000	0.000000
50.001905	TTT_uncharged	0.000000	0.000000	0.000000
50.001905	__proteinX_rbs	200.000000	0.000000	0.000000
50.001905	__ribosome	98.000000	0.000000	0.000000
50.001905	proteinX	46.000000	43.000000	0.046512
55.000719	ATA_charged	14.000000	0.000000	0.000000
55.000719	ATA_uncharged	1.000000	0.000000	0.000000
55.000719	TTT_charged	84.000000	0.000000	0.000000
55.000719	TTT_uncharged	1.000000	0.000000	0.000000
55.000719	__proteinX_rbs	200.000000	0.000000	0.000000
55.000719	__ribosome	97.000000	0.000000	0.000000
55.000719	proteinX	49.000000	47.000000	0.063830
60.002464	ATA_charged	14.000000	0.000000	0.000000
60.002464	ATA_uncharged	1.000000	0.000000	0.000000
60.002464	TTT_charged	85.000000	0.000000	0.000000
60.002464	TTT_uncharged	0.000000	0.000000	0.000000
60.002464	__proteinX_rbs	200.000000	0.000000	0.000000
60.002464	__ribosome	98.000000	0.000000	0.000000
60.002464	proteinX	55.000000	50.000000	0.040000
65.025143	ATA_charged	14.000000	0.000000	0.000000
65.025143	ATA_uncharged	1.000000	0.000000	0.000000
65.025143	TTT_charged	85.000000	0.000000	0.000000
65.025143	TTT_uncharged	0.000000	0.000000	0.000000
65.025143	__proteinX_rbs	199.000000	0.000000	0.000000
65.025143	__ribosome	99.000000	0.000000	0.000000
65.025143	proteinX	61.000000	53.000000	0.018868
70.935239	ATA_charged	15.000000	0.000000	0.000000
70.935239	ATA_uncharged	0.000000	0.000000	0.000000
70.935239	TTT_charged	85.000000	0.000000	0.000000
70.935239	TTT_uncharged	0.000000	0.000000	0.000000
70.935239	__proteinX_rbs	199.000000	0.000000	0.000000
70.935239	__ribosome	99.000000	0.000000	0.000000
70.935239	proteinX	65.000000	56.000000	0.017857
75.004193	ATA_charged	15.000000	0.000000	0.000000
75.004193	ATA_uncharged	0.000000	0.000000	0.000000
75.004193	TTT_charged	85.000000	0.000000	0.000000
75.004193	TTT_uncharged	0.000000	0.000000	0.000000
75.004193	__proteinX_rbs	200.000000	0.000000	0.000000
75.004193	__ribosome	99.000000	0.000000	0.000000
75.004193	proteinX	67.000000	58.000000	0.017241
79.999806	ATA_charged	13.000000	0.000000	0.000000
79.999806	ATA_uncharged	2.000000	0.000000	0.000000
79.999806	TTT_charged	85.000000	0.000000	0.000000
79.999806	TTT_uncharged	0.000000	0.000000	0.000000
79.999806	__proteinX_rbs	200.000000	0.000000	0.000000
79.999806	__ribosome	95.000000	0.000000	0.000000
79.999806	proteinX	70.000000	62.000000	0.080645
84.999598	ATA_charged	13.000000	0.000000	0.000000
84.999598	ATA_uncharged	2.000000	0.000000	0.000000
84.999598	TTT_charged	84.000000	0.000000	0.000000
84.999598	TTT_uncharged	1.000000	0.000000	0.000000
84.999598	__proteinX_rbs	200.000000	0.000000	0.000000
84.999598	__ribosome	99.000000	0.000000	0.000000
84.999598	proteinX	78.000000	63.000000	0.015873
90.051050	ATA_charged	14.000000	0.000000	0.000000
90.051050	ATA_uncharged	1.000000	0.000000	0.000000
90.051050	TTT_charged	85.000000	0.000000	0.000000
90.051050	TTT_uncharged	0.000000	0.000000	0.000000
90.051050	__proteinX_rbs	200.000000	0.000000	0.000000
90.051050	__ribosome	99.000000	0.000000	0.000000
90.051050	proteinX	86.000000	68.000000	0.014706
96.090550	ATA_charged	15.000000	0.000000	0.000000
96.090550	ATA_uncharged	0.000000	0.000000	0.000000
96.090550	TTT_charged	85.000000	0.000000	0.000000
96.090550	TTT_uncharged	0.000000	0.000000	0.000000
96.090550	__proteinX_rbs	199.000000	0.000000	0.000000
96.090550	__ribosome	99.000000	0.000000	0.000000
96.090550	proteinX	91.000000	71.000000	0.014085
100.111298	ATA_charged	14.000000	0.000000	0.000000
100.111298	ATA_uncharged	1.000000	0.000000	0.000000
100.111298	TTT_charged	85.000000	0.000000	0.000000
100.111298	TTT_uncharged	0.000000	0.000000	0.000000
100.111298	__proteinX_rbs	200.000000	0.000000	0.000000
100.111298	__ribosome	99.000000	0.000000	0.000000
100.111298	proteinX	94.000000	74.000000	0.013514
104.999444	ATA_charged	14.000000	0.000000	0.000000
104.999444	ATA_uncharged	1.000000	0.000000	0.000000
104.999444	TTT_charged	85.000000	0.000000	0.000000
104.999444	TTT_uncharged	0.000000	0.000000	0.000000
104.999444	__proteinX_rbs	200.000000	0.000000	0.000000
104.999444	__ribosome	99.000000	0.000000	0.000000
104.999444	proteinX	97.000000	77.000000	0.012987
112.611561	ATA_charged	15.000000	0.000000	0.000000
112.611561	ATA_uncharged	0.000000	0.000000	0.000000
112.611561	TTT_charged	85.000000	0.000000	0.000000
112.611561	TTT_uncharged	0.000000	0.000000	0.000000
112.611561	__proteinX_rbs	199.000000	0.000000	0.000000
112.611561	__ribosome	99.000000	0.000000	0.000000
112.611561	proteinX	99.000000	77.000000	0.012987
115.009757	ATA_charged	14.000000	0.000000	0.000000
115.009757	ATA_uncharged	1.000000	0.000000	0.000000
115.009757	TTT_charged	85.000000	0.000000	0.000000
115.009757	TTT_uncharged	0.000000	0.000000	0.000000
115.009757	__proteinX_rbs	200.000000	0.000000	0.000000
115.009757	__ribosome	99.000000	0.000000	0.000000
115.009757	proteinX	100.000000	79.000000	0.012658
119.999081	ATA_charged	13.000000	0.000000	0.000000
119.999081	ATA_uncharged	2.000000	0.000000	0.000000
119.999081	TTT_charged	84.000000	0.000000	0.000000
119.999081	TTT_uncharged	1.000000	0.000000	0.000000
119.999081	__proteinX_rbs	200.000000	0.000000	0.000000
119.999081	__ribosome	98.000000	0.000000	0.000000
119.999081	proteinX	101.000000	81.000000	0.024691
125.004662	ATA_charged	14.000000	0.000000	0.000000
125.004662	ATA_uncharged	1.000000	0.000000	0.000000
125.004662	TTT_charged	85.000000	0.000000	0.000000
125.004662	TTT_uncharged	0.000000	0.000000	0.000000
125.004662	__proteinX_rbs	200.000000	0.000000	0.000000
125.004662	__ribosome	99.000000	0.000000	0.000000
125.004662	proteinX	108.000000	84.000000	0.011905
130.018574	ATA_charged	14.000000	0.000000	0.000000
130.018574	ATA_uncharged	1.000000	0.000000	0.000000
130.018574	TTT_charged	84.000000	0.000000	0.000000
130.018574	TTT_uncharged	1.000000	0.000000	0.000000
130.018574	__proteinX_rbs	199.000000	0.000000	0.000000
130.018574	__ribosome	98.000000	0.000000	0.000000
130.018574	proteinX	112.000000	86.000000	0.023256
135.000504	ATA_charged	14.000000	0.000000	0.000000
135.000504	ATA_uncharged	1.000000	0.000000	0.000000
135.000504	TTT_charged	85.000000	0.000000	0.000000
135.000504	TTT_uncharged	0.000000	0.000000	0.000000
135.000504	__proteinX_rbs	200.000000	0.000000	0.000000
135.000504	__ribosome	99.000000	0.000000	0.000000
135.000504	proteinX	114.000000	86.000000	0.011628
140.600888	ATA_charged	15.000000	0.000000	0.000000
140.600888	ATA_uncharged	0.000000	0.000000	0.000000
140.600888	TTT_charged	85.000000	0.000000	0.000000
140.600888	TTT_uncharged	0.000000	0.000000	0.000000
140.600888	__proteinX_rbs	199.000000	0.000000	0.000000
140.600888	__ribosome	99.000000	0.000000	0.000000
140.600888	proteinX	118.000000	88.000000	0.011364
145.047022	ATA_charged	14.000000	0.000000	0.000000
145.047022	ATA_uncharged	1.000000	0.000000	0.000000
145.047022	TTT_charged	85.000000	0.000000	0.000000
145.047022	TTT_uncharged	0.000000	0.000000	0.000000
145.047022	__proteinX_rbs	200.000000	0.000000	0.000000
145.047022	__ribosome	99.000000	0.000000	0.000000
145.047022	proteinX	121.000000	89.000000	0.011236
150.056596	ATA_charged	15.000000	0.000000	0.000000
150.056596	ATA_uncharged	0.000000	0.000000	0.000000
150.056596	TTT_charged	85.000000	0.000000	0.000000
150.056596	TTT_uncharged	0.000000	0.000000	0.000000
150.056596	__proteinX_rbs	199.000000	0.000000	0.000000
150.056596	__ribosome	99.000000	0.000000	0.000000
150.056596	proteinX	124.000000	91.000000	0.010989
155.005916	ATA_charged	14.000000	0.000000	0.000000
155.005916	ATA_uncharged	1.000000	0.000000	0.000000
155.005916	TTT_charged	85.000000	0.000000	0.000000
155.005916	TTT_uncharged	0.000000	0.000000	0.000000
155.005916	__proteinX_rbs	200.000000	0.000000	0.000000
155.005916	__ribosome	97.000000	0.000000	0.000000
155.005916	proteinX	127.000000	94.000000	0.031915
160.002821	ATA_charged	14.000000	0.000000	0.000000
160.002821	ATA_uncharged	1.000000	0.000000	0.000000
160.002821	TTT_charged	85.000000	0.000000	0.000000
160.002821	TTT_uncharged	0.000000	0.000000	0.000000
160.002821	__proteinX_rbs	200.000000	0.000000	0.000000
160.002821	__ribosome	97.000000	0.000000	0.000000
160.002821	proteinX	132.000000	97.000000	0.030928
165.549462	ATA_charged	15.000000	0.000000	0.000000
165.549462	ATA_uncharged	0.000000	0.000000	0.000000
165.549462	TTT_charged	85.000000	0.000000	0.000000
165.549462	TTT_uncharged	0.000000	0.000000	0.000000
165.549462	__proteinX_rbs	199.000000	0.000000	0.000000
165.549462	__ribosome	99.000000	0.000000	0.000000
165.549462	proteinX	136.000000	98.000000	0.010204
170.000107	ATA_charged	14.000000	0.000000	0.000000
170.000107	ATA_uncharged	1.000000	0.000000	0.000000
170.000107	TTT_charged	85.000000	0.000000	0.000000
170.000107	TTT_uncharged	0.000000	0.000000	0.000000
170.000107	__proteinX_rbs	200.000000	0.000000	0.000000
170.000107	__ribosome	96.000000	0.000000	0.000000
170.000107	proteinX	139.000000	104.000000	0.038462
174.999137	ATA_charged	15.000000	0.000000	0.000000
174.999137	ATA_uncharged	0.000000	0.000000	0.000000
174.999137	TTT_charged	85.000000	0.000000	0.000000
174.999137	TTT_uncharged	0.000000	0.000000	0.000000
174.999137	__proteinX_rbs	200.000000	0.000000	0.000000
174.999137	__ribosome	98.000000	0.000000	0.000000
174.999137	proteinX	147.000000	106.000000	0.018868
180.009878	ATA_charged	15.000000	0.000000	0.000000
180.009878	ATA_uncharged	0.000000	0.000000	0.000000
180.009878	TTT_charged	85.000000	0.000000	0.000000
180.009878	TTT_uncharged	0.000000	0.000000	0.000000
180.009878	__proteinX_rbs	200.000000	0.000000	0.000000
180.009878	__ribosome	99.000000	0.000000	0.000000
180.009878	proteinX	151.000000	107.000000	0.009346
185.279039	ATA_charged	15.000000	0.000000	0.000000
185.279039	ATA_uncharged	0.000000	0.000000	0.000000
185.279039	TTT_charged	85.000000	0.000000	0.000000
185.279039	TTT_uncharged	0.000000	0.000000	0.000000
185.279039	__proteinX_rbs	199.000000	0.000000	0.000000
185.279039	__ribosome	99.000000	0.000000	0.000000
185.279039	proteinX	153.000000	107.000000	0.009346
190.001019	ATA_charged	12.000000	0.000000	0.000000
190.001019	ATA_uncharged	3.000000	0.000000	0.000000
190.001019	TTT_charged	85.000000	0.000000	0.000000
190.001019	TTT_uncharged	0.000000	0.000000	0.000000
190.001019	__proteinX_rbs	199.000000	0.000000	0.000000
190.001019	__ribosome	97.000000	0.000000	0.000000
190.001019	proteinX	156.000000	108.000000	0.027778
196.123069	ATA_charged	15.000000	0.000000	0.000000
196.123069	ATA_uncharged	0.000000	0.000000	0.000000
196.123069	TTT_charged	85.000000	0.000000	0.000000
196.123069	TTT_uncharged	0.000000	0.000000	0.000000
196.123069	__proteinX_rbs	199.000000	0.000000	0.000000
196.123069	__ribosome	99.000000	0.000000	0.000000
196.123069	proteinX	163.000000	109.000000	0.009174
200.519740	ATA_charged	15.000000	0.000000	0.000000
200.519740	ATA_uncharged	0.000000	0.000000	0.000000
200.519740	TTT_charged	85.000000	0.000000	0.000000
200.519740	TTT_uncharged	0.000000	0.000000	0.000000
200.519740	__proteinX_rbs	199.000000	0.000000	0.000000
200.519740	__ribosome	99.000000	0.000000	0.000000
200.519740	proteinX	165.000000	110.000000	0.009091
205.010362	ATA_charged	15.000000	0.000000	0.000000
205.010362	ATA_uncharged	0.000000	0.000000	0.000000
205.010362	TTT_charged	85.000000	0.000000	0.000000
205.010362	TTT_uncharged	0.000000	0.000000	0.000000
205.010362	__proteinX_rbs	200.000000	0.000000	0.000000
205.010362	__ribosome	99.000000	0.000000	0.000000
205.010362	proteinX	170.000000	111.000000	0.009009
210.010187	ATA_charged	15.000000	0.000000	0.000000
210.010187	ATA_uncharged	0.000000	0.000000	0.000000
210.010187	TTT_charged	85.000000	0.000000	0.000000
210.010187	TTT_uncharged	0.000000	0.000000	0.000000
210.010187	__proteinX_rbs	200.000000	0.000000	0.000000
210.010187	__ribosome	99.000000	0.000000	0.000000
210.010187	proteinX	175.000000	112.000000	0.008929
214.999950	ATA_charged	13.000000	0.000000	0.000000
214.999950	ATA_uncharged	2.000000	0.000000	0.000000
214.999950	TTT_charged	85.000000	0.000000	0.000000
214.999950	TTT_uncharged	0.000000	0.000000	0.000000
214.999950	__proteinX_rbs	200.000000	0.000000	0.000000
214.999950	__ribosome	97.000000	0.000000	0.000000
214.999950	proteinX	183.000000	116.000000	0.025862
220.023007	ATA_charged	14.000000	0.000000	0.000000
220.023007	ATA_uncharged	1.000000	0.000000	0.000000
220.023007	TTT_charged	85.000000	0.000000	0.000000
220.023007	TTT_uncharged	0.000000	0.000000	0.000000
220.023007	__proteinX_rbs	200.000000	0.000000	0.000000
220.023007	__ribosome	99.000000	0.000000	0.000000
220.023007	proteinX	187.000000	117.000000	0.008547
225.011162	ATA_charged	13.000000	0.000000	0.000000
225.011162	ATA_uncharged	2.000000	0.000000	0.000000
225.011162	TTT_charged	85.000000	0.000000	0.000000
225.011162	TTT_uncharged	0.000000	0.000000	0.000000
225.011162	__proteinX_rbs	200.000000	0.000000	0.000000
225.011162	__ribosome	99.000000	0.000000	0.000000
225.011162	proteinX	191.000000	120.000000	0.008333
230.000080	ATA_charged	14.000000	0.000000	0.000000
230.000080	ATA_uncharged	1.000000	0.000000	0.000000
230.000080	TTT_charged	85.000000	0.000000	0.000000
230.000080	TTT_uncharged	0.000000	0.000000	0.000000
230.000080	__proteinX_rbs	200.000000	0.000000	0.000000
230.000080	__ribosome	99.000000	0.000000	0.000000
230.000080	proteinX	194.000000	122.000000	0.008197
235.010617	ATA_charged	14.000000	0.000000	0.000000
235.010617	ATA_uncharged	1.000000	0.000000	0.000000
235.010617	TTT_charged	85.000000	0.000000	0.000000
235.010617	TTT_uncharged	0.000000	0.000000	0.000000
235.010617	__proteinX_rbs	200.000000	0.000000	0.000000
235.010617	__ribosome	98.000000	0.000000	0.000000
235.010617	proteinX	199.000000	122.000000	0.016393
240.008621	ATA_charged	15.000000	0.000000	0.000000
240.008621	ATA_uncharged	0.000000	0.000000	0.000000
240.008621	TTT_charged	85.000000	0.000000	0.000000
240.008621	TTT_uncharged	0.000000	0.000000	0.000000
240.008621	__proteinX_rbs	199.000000	0.000000	0.000000
240.008621	__ribosome	98.000000	0.000000	0.000000
240.008621	proteinX	202.000000	123.000000	0.016260
244.999588	ATA_charged	13.000000	0.000000	0.000000
244.999588	ATA_uncharged	2.000000	0.000000	0.000000
244.999588	TTT_charged	84.000000	0.000000	0.000000
244.999588	TTT_uncharged	1.000000	0.000000	0.000000
244.999588	__proteinX_rbs	200.000000	0.000000	0.000000
244.999588	__ribosome	97.000000	0.000000	0.000000
244.999588	proteinX	207.000000	125.000000	0.024000
250.009762	ATA_charged	14.000000	0.000000	0.000000
250.009762	ATA_uncharged	1.000000	0.000000	0.000000
250.009762	TTT_charged	85.000000	0.000000	0.000000
250.009762	TTT_uncharged	0.000000	0.000000	0.000000
250.009762	__proteinX_rbs	200.000000	0.000000	0.000000
250.009762	__ribosome	99.000000	0.000000	0.000000
250.009762	proteinX	212.000000	126.000000	0.007937
256.154376	ATA_charged	15.000000	0.000000	0.000000
256.154376	ATA_uncharged	0.000000	0.000000	0.000000
256.154376	TTT_charged	85.000000	0.000000	0.000000
256.154376	TTT_uncharged	0.000000	0.000000	0.000000
256.154376	__proteinX_rbs	199.000000	0.000000	0.000000
256.154376	__ribosome	99.000000	0.000000	0.000000
256.154376	proteinX	213.000000	126.000000	0.007937
265.070039	ATA_charged	15.000000	0.000000	0.000000
265.070039	ATA_uncharged	0.000000	0.000000	0.000000
265.070039	TTT_charged	85.000000	0.000000	0.000000
265.070039	TTT_uncharged	0.000000	0.000000	0.000000
265.070039	__proteinX_rbs	199.000000	0.000000	0.000000
265.070039	__ribosome	99.000000	0.000000	0.000000
265.070039	proteinX	216.000000	126.000000	0.007937
265.090887	ATA_charged	14.000000	0.000000	0.000000
265.090887	ATA_uncharged	1.000000	0.000000	0.000000
265.090887	TTT_charged	85.000000	0.000000	0.000000
265.090887	TTT_uncharged	0.000000	0.000000	0.000000
265.090887	__proteinX_rbs	199.000000	0.000000	0.000000
265.090887	__ribosome	99.000000	0.000000	0.000000
265.090887	proteinX	216.000000	126.000000	0.007937
269.999533	ATA_charged	12.000000	0.000000	0.000000
269.999533	ATA_uncharged	3.000000	0.000000	0.000000
269.999533	TTT_charged	85.000000	0.000000	0.000000
269.999533	TTT_uncharged	0.000000	0.000000	0.000000
269.999533	__proteinX_rbs	200.000000	0.000000	0.000000
269.999533	__ribosome	98.000000	0.000000	0.000000
269.999533	proteinX	218.000000	129.000000	0.015504
275.001337	ATA_charged	14.000000	0.000000	0.000000
275.001337	ATA_uncharged	1.000000	0.000000	0.000000
275.001337	TTT_charged	85.000000	0.000000	0.000000
275.001337	TTT_uncharged	0.000000	0.000000	0.000000
275.001337	__proteinX_rbs	200.000000	0.000000	0.000000
275.001337	__ribosome	99.000000	0.000000	0.000000
275.001337	proteinX	226.000000	132.000000	0.007576
280.013396	ATA_charged	14.000000	0.000000	0.000000
280.013396	ATA_uncharged	1.000000	0.000000	0.000000
280.013396	TTT_charged	85.000000	0.000000	0.000000
280.013396	TTT_uncharged	0.000000	0.000000	0.000000
280.013396	__proteinX_rbs	200.000000	0.000000	0.000000
280.013396	__ribosome	99.000000	0.000000	0.000000
280.013396	proteinX	228.000000	133.000000	0.007519
285.004577	ATA_charged	15.000000	0.000000	0.000000
285.004577	ATA_uncharged	0.000000	0.000000	0.000000
285.004577	TTT_charged	85.000000	0.000000	0.000000
285.004577	TTT_uncharged	0.000000	0.000000	0.000000
285.004577	__proteinX_rbs	200.000000	0.000000	0.000000
285.004577	__ribosome	98.000000	0.000000	0.000000
285.004577	proteinX	235.000000	138.000000	0.014493
289.999034	ATA_charged	14.000000	0.000000	0.000000
289.999034	ATA_uncharged	1.000000	0.000000	0.000000
289.999034	TTT_charged	85.000000	0.000000	0.000000
289.999034	TTT_uncharged	0.000000	0.000000	0.000000
289.999034	__proteinX_rbs	200.000000	0.000000	0.000000
289.999034	__ribosome	99.000000	0.000000	0.000000
289.999034	proteinX	240.000000	139.000000	0.007194
295.006989	ATA_charged	13.000000	0.000000	0.000000
295.006989	ATA_uncharged	2.000000	0.000000	0.000000
295.006989	TTT_charged	85.000000	0.000000	0.000000
295.006989	TTT_uncharged	0.000000	0.000000	0.000000
295.006989	__proteinX_rbs	200.000000	0.000000	0.000000
295.006989	__ribosome	97.000000	0.000000	0.000000
295.006989	proteinX	245.000000	140.000000	0.021429
300.036061	ATA_charged	14.000000	0.000000	0.000000
300.036061	ATA_uncharged	1.000000	0.000000	0.000000
300.036061	TTT_charged	85.000000	0.000000	0.000000
300.036061	TTT_uncharged	0.000000	0.000000	0.000000
300.036061	__proteinX_rbs	199.000000	0.000000	0.000000
300.036061	__ribosome	99.000000	0.000000	0.000000
300.036061	proteinX	249.000000	140.000000	0.007143
306.212954	ATA_charged	15.000000	0.000000	0.000000
306.212954	ATA_uncharged	0.000000	0.000000	0.000000
306.212954	TTT_charged	85.000000	0.000000	0.000000
306.212954	TTT_uncharged	0.000000	0.000000	0.000000
306.212954	__proteinX_rbs	199.000000	0.000000	0.000000
306.212954	__ribosome	99.000000	0.000000	0.000000
306.212954	proteinX	250.000000	140.000000	0.007143
310.004883	ATA_charged	13.000000	0.000000	0.000000
310.004883	ATA_uncharged	2.000000	0.000000	0.000000
310.004883	TTT_charged	85.000000	0.000000	0.000000
310.004883	TTT_uncharged	0.000000	0.000000	0.000000
310.004883	__proteinX_rbs	200.000000	0.000000	0.000000
310.004883	__ribosome	99.000000	0.000000	0.000000
310.004883	proteinX	252.000000	142.000000	0.007042
315.000165	ATA_charged	12.000000	0.000000	0.000000
315.000165	ATA_uncharged	3.000000	0.000000	0.000000
315.000165	TTT_charged	85.000000	0.000000	0.000000
315.000165	TTT_uncharged	0.000000	0.000000	0.000000
315.000165	__proteinX_rbs	199.000000	0.000000	0.000000
315.000165	__ribosome	95.000000	0.000000	0.000000
315.000165	proteinX	259.000000	147.000000	0.034014
320.000241	ATA_charged	10.000000	0.000000	0.000000
320.000241	ATA_uncharged	5.000000	0.000000	0.000000
320.000241	TTT_charged	85.000000	0.000000	0.000000
320.000241	TTT_uncharged	0.000000	0.000000	0.000000
320.000241	__proteinX_rbs	200.000000	0.000000	0.000000
320.000241	__ribosome	98.000000	0.000000	0.000000
320.000241	proteinX	267.000000	148.000000	0.013514
325.008249	ATA_charged	14.000000	0.000000	0.000000
325.008249	ATA_uncharged	1.000000	0.000000	0.000000
325.008249	TTT_charged	85.000000	0.000000	0.000000
325.008249	TTT_uncharged	0.000000	0.000000	0.000000
325.008249	__proteinX_rbs	200.000000	0.000000	0.000000
325.008249	__ribosome	97.000000	0.000000	0.000000
325.008249	proteinX	274.000000	149.000000	0.020134
330.189788	ATA_charged	15.000000	0.000000	0.000000
330.189788	ATA_uncharged	0.000000	0.000000	0.000000
330.189788	TTT_charged	85.000000	0.000000	0.000000
330.189788	TTT_uncharged	0.000000	0.000000	0.000000
330.189788	__proteinX_rbs	199.000000	0.000000	0.000000
330.189788	__ribosome	99.000000	0.000000	0.000000
330.189788	proteinX	278.000000	150.000000	0.006667
336.453771	ATA_charged	15.000000	0.000000	0.000000
336.453771	ATA_uncharged	0.000000	0.000000	0.000000
336.453771	TTT_charged	85.000000	0.000000	0.000000
336.453771	TTT_uncharged	0.000000	0.000000	0.000000
336.453771	__proteinX_rbs	199.000000	0.000000	0.000000
336.453771	__ribosome	99.000000	0.000000	0.000000
336.453771	proteinX	279.000000	150.000000	0.006667
340.006922	ATA_charged	14.000000	0.000000	0.000000
340.006922	ATA_uncharged	1.000000	0.000000	0.000000
340.006922	TTT_charged	85.000000	0.000000	0.000000
340.006922	TTT_uncharged	0.000000	0.000000	0.000000
340.006922	__proteinX_rbs	200.000000	0.000000	0.000000
340.006922	__ribosome	100.000000	0.000000	0.000000
340.006922	proteinX	282.000000	151.000000	0.000000
344.999794	ATA_charged	15.000000	0.000000	0.000000
344.999794	ATA_uncharged	0.000000	0.000000	0.000000
344.999794	TTT_charged	85.000000	0.000000	0.000000
344.999794	TTT_uncharged	0.000000	0.000000	0.000000
344.999794	__proteinX_rbs	200.000000	0.000000	0.000000
344.999794	__ribosome	98.000000	0.000000	0.000000
344.999794	proteinX	283.000000	151.000000	0.013245
350.026001	ATA_charged	14.000000	0.000000	0.000000
350.026001	ATA_uncharged	1.000000	0.000000	0.000000
350.026001	TTT_charged	85.000000	0.000000	0.000000
350.026001	TTT_uncharged	0.000000	0.000000	0.000000
350.026001	__proteinX_rbs	200.000000	0.000000	0.000000
350.026001	__ribosome	99.000000	0.000000	0.000000
350.026001	proteinX	287.000000	152.000000	0.006579
355.000394	ATA_charged	14.000000	0.000000	0.000000
355.000394	ATA_uncharged	1.000000	0.000000	0.000000
355.000394	TTT_charged	82.000000	0.000000	0.000000
355.000394	TTT_uncharged	3.000000	0.000000	0.000000
355.000394	__proteinX_rbs	198.000000	0.000000	0.000000
355.000394	__ribosome	95.000000	0.000000	0.000000
355.000394	proteinX	294.000000	154.000000	0.032468
360.001129	ATA_charged	15.000000	0.000000	0.000000
360.001129	ATA_uncharged	0.000000	0.000000	0.000000
360.001129	TTT_charged	85.000000	0.000000	0.000000
360.001129	TTT_uncharged	0.000000	0.000000	0.000000
360.001129	__proteinX_rbs	200.000000	0.000000	0.000000
360.001129	__ribosome	99.000000	0.000000	0.000000
360.001129	proteinX	300.000000	154.000000	0.006494
367.315178	ATA_charged	15.000000	0.000000	0.000000
367.315178	ATA_uncharged	0.000000	0.000000	0.000000
367.315178	TTT_charged	85.000000	0.000000	0.000000
367.315178	TTT_uncharged	0.000000	0.000000	0.000000
367.315178	__proteinX_rbs	199.000000	0.000000	0.000000
367.315178	__ribosome	99.000000	0.000000	0.000000
367.315178	proteinX	308.000000	156.000000	0.006410
369.999424	ATA_charged	15.000000	0.000000	0.000000
369.999424	ATA_uncharged	0.000000	0.000000	0.000000
369.999424	TTT_charged	85.000000	0.000000	0.000000
369.999424	TTT_uncharged	0.000000	0.000000	0.000000
369.999424	__proteinX_rbs	200.000000	0.000000	0.000000
369.999424	__ribosome	98.000000	0.000000	0.000000
369.999424	proteinX	309.000000	156.000000	0.012821
375.004229	ATA_charged	13.000000	0.000000	0.000000
375.004229	ATA_uncharged	2.000000	0.000000	0.000000
375.004229	TTT_charged	85.000000	0.000000	0.000000
375.004229	TTT_uncharged	0.000000	0.000000	0.000000
375.004229	__proteinX_rbs	200.000000	0.000000	0.000000
375.004229	__ribosome	98.000000	0.000000	0.000000
375.004229	proteinX	311.000000	158.000000	0.012658
380.012852	ATA_charged	13.000000	0.000000	0.000000
380.012852	ATA_uncharged	2.000000	0.000000	0.000000
380.012852	TTT_charged	85.000000	0.000000	0.000000
380.012852	TTT_uncharged	0.000000	0.000000	0.000000
380.012852	__proteinX_rbs	200.000000	0.000000	0.000000
380.012852	__ribosome	98.000000	0.000000	0.000000
380.012852	proteinX	319.000000	161.000000	0.012422
385.251716	ATA_charged	15.000000	0.000000	0.000000
385.251716	ATA_uncharged	0.000000	0.000000	0.000000
385.251716	TTT_charged	85.000000	0.000000	0.000000
385.251716	TTT_uncharged	0.000000	0.000000	0.000000
385.251716	__proteinX_rbs	199.000000	0.000000	0.000000
385.251716	__ribosome	99.000000	0.000000	0.000000
385.251716	proteinX	325.000000	161.000000	0.006211
390.005266	ATA_charged	15.000000	0.000000	0.000000
390.005266	ATA_uncharged	0.000000	0.000000	0.000000
390.005266	TTT_charged	85.000000	0.000000	0.000000
390.005266	TTT_uncharged	0.000000	0.000000	0.000000
390.005266	__proteinX_rbs	199.000000	0.000000	0.000000
390.005266	__ribosome	99.000000	0.000000	0.000000
390.005266	proteinX	331.000000	161.000000	0.006211
395.088497	ATA_charged	14.000000	0.000000	0.000000
395.088497	ATA_uncharged	1.000000	0.000000	0.000000
395.088497	TTT_charged	85.000000	0.000000	0.000000
395.088497	TTT_uncharged	0.000000	0.000000	0.000000
395.088497	__proteinX_rbs	200.000000	0.000000	0.000000
395.088497	__ribosome	99.000000	0.000000	0.000000
395.088497	proteinX	334.000000	161.000000	0.006211
400.000516	ATA_charged	15.000000	0.000000	0.000000
400.000516	ATA_uncharged	0.000000	0.000000	0.000000
400.000516	TTT_charged	84.000000	0.000000	0.000000
400.000516	TTT_uncharged	1.000000	0.000000	0.000000
400.000516	__proteinX_rbs	200.000000	0.000000	0.000000
400.000516	__ribosome	98.000000	0.000000	0.000000
400.000516	proteinX	340.000000	162.000000	0.012346
404.999165	ATA_charged	15.000000	0.000000	0.000000
404.999165	ATA_uncharged	0.000000	0.000000	0.000000
404.999165	TTT_charged	83.000000	0.000000	0.000000
404.999165	TTT_uncharged	2.000000	0.000000	0.000000
404.999165	__proteinX_rbs	200.000000	0.000000	0.000000
404.999165	__ribosome	96.000000	0.000000	0.000000
404.999165	proteinX	343.000000	163.000000	0.024540
410.318438	ATA_charged	15.000000	0.000000	0.000000
410.318438	ATA_uncharged	0.000000	0.000000	0.000000
410.318438	TTT_charged	85.000000	0.000000	0.000000
410.318438	TTT_uncharged	0.000000	0.000000	0.000000
410.318438	__proteinX_rbs	199.000000	0.000000	0.000000
410.318438	__ribosome	99.000000	0.000000	0.000000
410.318438	proteinX	348.000000	163.000000	0.006135
415.003721	ATA_charged	14.000000	0.000000	0.000000
415.003721	ATA_uncharged	1.000000	0.000000	0.000000
415.003721	TTT_charged	85.000000	0.000000	0.000000
415.003721	TTT_uncharged	0.000000	0.000000	0.000000
415.003721	__proteinX_rbs	200.000000	0.000000	0.000000
415.003721	__ribosome	99.000000	0.000000	0.000000
415.003721	proteinX	351.000000	163.000000	0.006135
420.321110	ATA_charged	15.000000	0.000000	0.000000
420.321110	ATA_uncharged	0.000000	0.000000	0.000000
420.321110	TTT_charged	85.000000	0.000000	0.000000
420.321110	TTT_uncharged	0.000000	0.000000	0.000000
420.321110	__proteinX_rbs	199.000000	0.000000	0.000000
420.321110	__ribosome	99.000000	0.000000	0.000000
420.321110	proteinX	352.000000	163.000000	0.006135
427.058573	ATA_charged	15.000000	0.000000	0.000000
427.058573	ATA_uncharged	0.000000	0.000000	0.000000
427.058573	TTT_charged	85.000000	0.000000	0.000000
427.058573	TTT_uncharged	0.000000	0.000000	0.000000
427.058573	__proteinX_rbs	199.000000	0.000000	0.000000
427.058573	__ribosome	99.000000	0.000000	0.000000
427.058573	proteinX	354.000000	164.000000	0.006098
429.999156	ATA_charged	14.000000	0.000000	0.000000
429.999156	ATA_uncharged	1.000000	0.000000	0.000000
429.999156	TTT_charged	85.000000	0.000000	0.000000
429.999156	TTT_uncharged	0.000000	0.000000	0.000000
429.999156	__proteinX_rbs	200.000000	0.000000	0.000000
429.999156	__ribosome	98.000000	0.000000	0.000000
429.999156	proteinX	355.000000	166.000000	0.012048
434.999284	ATA_charged	15.000000	0.000000	0.000000
434.999284	ATA_uncharged	0.000000	0.000000	0.000000
434.999284	TTT_charged	85.000000	0.000000	0.000000
434.999284	TTT_uncharged	0.000000	0.000000	0.000000
434.999284	__proteinX_rbs	200.000000	0.000000	0.000000
434.999284	__ribosome	97.000000	0.000000	0.000000
434.999284	proteinX	358.000000	166.000000	0.018072
440.002684	ATA_charged	14.000000	0.000000	0.000000
440.002684	ATA_uncharged	1.000000	0.000000	0.000000
440.002684	TTT_charged	85.000000	0.000000	0.000000
440.002684	TTT_uncharged	0.000000	0.000000	0.000000
440.002684	__proteinX_rbs	199.000000	0.000000	0.000000
440.002684	__ribosome	99.000000	0.000000	0.000000
440.002684	proteinX	363.000000	167.000000	0.005988
445.014378	ATA_charged	14.000000	0.000000	0.000000
445.014378	ATA_uncharged	1.000000	0.000000	0.000000
445.014378	TTT_charged	85.000000	0.000000	0.000000
445.014378	TTT_uncharged	0.000000	0.000000	0.000000
445.014378	__proteinX_rbs	200.000000	0.000000	0.000000
445.014378	__ribosome	98.000000	0.000000	0.000000
445.014378	proteinX	366.000000	169.000000	0.011834
450.010051	ATA_charged	14.000000	0.000000	0.000000
450.010051	ATA_uncharged	1.000000	0.000000	0.000000
450.010051	TTT_charged	85.000000	0.000000	0.000000
450.010051	TTT_uncharged	0.000000	0.000000	0.000000
450.010051	__proteinX_rbs	200.000000	0.000000	0.000000
450.010051	__ribosome	99.000000	0.000000	0.000000
450.010051	proteinX	370.000000	170.000000	0.005882
455.006654	ATA_charged	14.000000	0.000000	0.000000
455.006654	ATA_uncharged	1.000000	0.000000	0.000000
455.006654	TTT_charged	84.000000	0.000000	0.000000
455.006654	TTT_uncharged	1.000000	0.000000	0.000000
455.006654	__proteinX_rbs	200.000000	0.000000	0.000000
455.006654	__ribosome	99.000000	0.000000	0.000000
455.006654	proteinX	376.000000	172.000000	0.005814
460.661358	ATA_charged	15.000000	0.000000	0.000000
460.661358	ATA_uncharged	0.000000	0.000000	0.000000
460.661358	TTT_charged	85.000000	0.000000	0.000000
460.661358	TTT_uncharged	0.000000	0.000000	0.000000
460.661358	__proteinX_rbs	199.000000	0.000000	0.000000
460.661358	__ribosome	99.000000	0.000000	0.000000
460.661358	proteinX	382.000000	174.000000	0.005747
465.003583	ATA_charged	13.000000	0.000000	0.000000
465.003583	ATA_uncharged	2.000000	0.000000	0.000000
465.003583	TTT_charged	85.000000	0.000000	0.000000
465.003583	TTT_uncharged	0.000000	0.000000	0.000000
465.003583	__proteinX_rbs	200.000000	0.000000	0.000000
465.003583	__ribosome	95.000000	0.000000	0.000000
465.003583	proteinX	384.000000	176.000000	0.028409
471.815763	ATA_charged	15.000000	0.000000	0.000000
471.815763	ATA_uncharged	0.000000	0.000000	0.000000
471.815763	TTT_charged	85.000000	0.000000	0.000000
471.815763	TTT_uncharged	0.000000	0.000000	0.000000
471.815763	__proteinX_rbs	199.000000	0.000000	0.000000
471.815763	__ribosome	99.000000	0.000000	0.000000
471.815763	proteinX	392.000000	176.000000	0.005682
475.024718	ATA_charged	14.000000	0.000000	0.000000
475.024718	ATA_uncharged	1.000000	0.000000	0.000000
475.024718	TTT_charged	85.000000	0.000000	0.000000
475.024718	TTT_uncharged	0.000000	0.000000	0.000000
475.024718	__proteinX_rbs	200.000000	0.000000	0.000000
475.024718	__ribosome	99.000000	0.000000	0.000000
475.024718	proteinX	394.000000	176.000000	0.005682
480.052490	ATA_charged	15.000000	0.000000	0.000000
480.052490	ATA_uncharged	0.000000	0.000000	0.000000
480.052490	TTT_charged	85.000000	0.000000	0.000000
480.052490	TTT_uncharged	0.000000	0.000000	0.000000
480.052490	__proteinX_rbs	199.000000	0.000000	0.000000
480.052490	__ribosome	99.000000	0.000000	0.000000
480.052490	proteinX	398.000000	176.000000	0.005682
484.999865	ATA_charged	15.000000	0.000000	0.000000
484.999865	ATA_uncharged	0.000000	0.000000	0.000000
484.999865	TTT_charged	85.000000	0.000000	0.000000
484.999865	TTT_uncharged	0.000000	0.000000	0.000000
484.999865	__proteinX_rbs	200.000000	0.000000	0.000000
484.999865	__ribosome	99.000000	0.000000	0.000000
484.999865	proteinX	403.000000	177.000000	0.005650
490.030384	ATA_charged	14.000000	0.000000	0.000000
490.030384	ATA_uncharged	1.000000	0.000000	0.000000
490.030384	TTT_charged	85.000000	0.000000	0.000000
490.030384	TTT_uncharged	0.000000	0.000000	0.000000
490.030384	__proteinX_rbs	200.000000	0.000000	0.000000
490.030384	__ribosome	99.000000	0.000000	0.000000
490.030384	proteinX	405.000000	177.000000	0.005650
495.002762	ATA_charged	15.000000	0.000000	0.000000
495.002762	ATA_uncharged	0.000000	0.000000	0.000000
495.002762	TTT_charged	85.000000	0.000000	0.000000
495.002762	TTT_uncharged	0.000000	0.000000	0.000000
495.002762	__proteinX_rbs	200.000000	0.000000	0.000000
495.002762	__ribosome	98.000000	0.000000	0.000000
495.002762	proteinX	409.000000	177.000000	0.011299
502.270581	ATA_charged	15.000000	0.000000	0.000000
502.270581	ATA_uncharged	0.000000	0.000000	0.000000
502.270581	TTT_charged	85.000000	0.000000	0.000000
502.270581	TTT_uncharged	0.000000	0.000000	0.000000
502.270581	__proteinX_rbs	199.000000	0.000000	0.000000
502.270581	__ribosome	99.000000	0.000000	0.000000
502.270581	proteinX	411.000000	177.000000	0.005650
508.599669	ATA_charged	15.000000	0.000000	0.000000
508.599669	ATA_uncharged	0.000000	0.000000	0.000000
508.599669	TTT_charged	85.000000	0.000000	0.000000
508.599669	TTT_uncharged	0.000000	0.000000	0.000000
508.599669	__proteinX_rbs	199.000000	0.000000	0.000000
508.599669	__ribosome	99.000000	0.000000	0.000000
508.599669	proteinX	412.000000	178.000000	0.005618
510.001286	ATA_charged	14.000000	0.000000	0.000000
510.001286	ATA_uncharged	1.000000	0.000000	0.000000
510.001286	TTT_charged	85.000000	0.000000	0.000000
510.001286	TTT_uncharged	0.000000	0.000000	0.000000
510.001286	__proteinX_rbs	200.000000	0.000000	0.000000
510.001286	__ribosome	99.000000	0.000000	0.000000
510.001286	proteinX	412.000000	178.000000	0.005618
516.590963	ATA_charged	15.000000	0.000000	0.000000
516.590963	ATA_uncharged	0.000000	0.000000	0.000000
516.590963	TTT_charged	85.000000	0.000000	0.000000
516.590963	TTT_uncharged	0.000000	0.000000	0.000000
516.590963	__proteinX_rbs	199.000000	0.000000	0.000000
516.590963	__ribosome	99.000000	0.000000	0.000000
516.590963	proteinX	414.000000	178.000000	0.005618
519.999200	ATA_charged	15.000000	0.000000	0.000000
519.999200	ATA_uncharged	0.000000	0.000000	0.000000
519.999200	TTT_charged	85.000000	0.000000	0.000000
519.999200	TTT_uncharged	0.000000	0.000000	0.000000
519.999200	__proteinX_rbs	200.000000	0.000000	0.000000
519.999200	__ribosome	98.000000	0.000000	0.000000
519.999200	proteinX	416.000000	178.000000	0.011236
525.001608	ATA_charged	14.000000	0.000000	0.000000
525.001608	ATA_uncharged	1.000000	0.000000	0.000000
525.001608	TTT_charged	85.000000	0.000000	0.000000
525.001608	TTT_uncharged	0.000000	0.000000	0.000000
525.001608	__proteinX_rbs	200.000000	0.000000	0.000000
525.001608	__ribosome	99.000000	0.000000	0.000000
525.001608	proteinX	420.000000	179.000000	0.005587
529.999771	ATA_charged	15.000000	0.000000	0.000000
529.999771	ATA_uncharged	0.000000	0.000000	0.000000
529.999771	TTT_charged	85.000000	0.000000	0.000000
529.999771	TTT_uncharged	0.000000	0.000000	0.000000
529.999771	__proteinX_rbs	200.000000	0.000000	0.000000
529.999771	__ribosome	97.000000	0.000000	0.000000
529.999771	proteinX	422.000000	179.000000	0.016760
535.001661	ATA_charged	15.000000	0.000000	0.000000
535.001661	ATA_uncharged	0.000000	0.000000	0.000000
535.001661	TTT_charged	85.000000	0.000000	0.000000
535.001661	TTT_uncharged	0.000000	0.000000	0.000000
535.001661	__proteinX_rbs	200.000000	0.000000	0.000000
535.001661	__ribosome	97.000000	0.000000	0.000000
535.001661	proteinX	428.000000	180.000000	0.016667
539.999832	ATA_charged	14.000000	0.000000	0.000000
539.999832	ATA_uncharged	1.000000	0.000000	0.000000
539.999832	TTT_charged	85.000000	0.000000	0.000000
539.999832	TTT_uncharged	0.000000	0.000000	0.000000
539.999832	__proteinX_rbs	200.000000	0.000000	0.000000
539.999832	__ribosome	99.000000	0.000000	0.000000
539.999832	proteinX	435.000000	181.000000	0.005525
545.003331	ATA_charged	12.000000	0.000000	0.000000
545.003331	ATA_uncharged	3.000000	0.000000	0.000000
545.003331	TTT_charged	85.000000	0.000000	0.000000
545.003331	TTT_uncharged	0.000000	0.000000	0.000000
545.003331	__proteinX_rbs	200.000000	0.000000	0.000000
545.003331	__ribosome	97.000000	0.000000	0.000000
545.003331	proteinX	439.000000	181.000000	0.016575
550.006044	ATA_charged	15.000000	0.000000	0.000000
550.006044	ATA_uncharged	0.000000	0.000000	0.000000
550.006044	TTT_charged	85.000000	0.000000	0.000000
550.006044	TTT_uncharged	0.000000	0.000000	0.000000
550.006044	__proteinX_rbs	200.000000	0.000000	0.000000
550.006044	__ribosome	98.000000	0.000000	0.000000
550.006044	proteinX	443.000000	181.000000	0.011050
555.016534	ATA_charged	14.000000	0.000000	0.000000
555.016534	ATA_uncharged	1.000000	0.000000	0.000000
555.016534	TTT_charged	85.000000	0.000000	0.000000
555.016534	TTT_uncharged	0.000000	0.000000	0.000000
555.016534	__proteinX_rbs	200.000000	0.000000	0.000000
555.016534	__ribosome	97.000000	0.000000	0.000000
555.016534	proteinX	447.000000	181.000000	0.016575
560.010208	ATA_charged	13.000000	0.000000	0.000000
560.010208	ATA_uncharged	2.000000	0.000000	0.000000
560.010208	TTT_charged	85.000000	0.000000	0.000000
560.010208	TTT_uncharged	0.000000	0.000000	0.000000
560.010208	__proteinX_rbs	200.000000	0.000000	0.000000
560.010208	__ribosome	98.000000	0.000000	0.000000
560.010208	proteinX	451.000000	181.000000	0.011050
564.999531	ATA_charged	8.000000	0.000000	0.000000
564.999531	ATA_uncharged	7.000000	0.000000	0.000000
564.999531	TTT_charged	82.000000	0.000000	0.000000
564.999531	TTT_uncharged	3.000000	0.000000	0.000000
564.999531	__proteinX_rbs	200.000000	0.000000	0.000000
564.999531	__ribosome	97.000000	0.000000	0.000000
564.999531	proteinX	455.000000	182.000000	0.016484
570.001856	ATA_charged	14.000000	0.000000	0.000000
570.001856	ATA_uncharged	1.000000	0.000000	0.000000
570.001856	TTT_charged	85.000000	0.000000	0.000000
570.001856	TTT_uncharged	0.000000	0.000000	0.000000
570.001856	__proteinX_rbs	200.000000	0.000000	0.000000
570.001856	__ribosome	99.000000	0.000000	0.000000
570.001856	proteinX	464.000000	182.000000	0.005495
575.000839	ATA_charged	15.000000	0.000000	0.000000
575.000839	ATA_uncharged	0.000000	0.000000	0.000000
575.000839	TTT_charged	85.000000	0.000000	0.000000
575.000839	TTT_uncharged	0.000000	0.000000	0.000000
575.000839	__proteinX_rbs	200.000000	0.000000	0.000000
575.000839	__ribosome	99.000000	0.000000	0.000000
575.000839	proteinX	470.000000	183.000000	0.005464
580.001722	ATA_charged	13.000000	0.000000	0.000000
580.001722	ATA_uncharged	2.000000	0.000000	0.000000
580.001722	TTT_charged	84.000000	0.000000	0.000000
580.001722	TTT_uncharged	1.000000	0.000000	0.000000
580.001722	__proteinX_rbs	200.000000	0.000000	0.000000
580.001722	__ribosome	97.000000	0.000000	0.000000
580.001722	proteinX	474.000000	185.000000	0.016216
585.010929	ATA_charged	14.000000	0.000000	0.000000
585.010929	ATA_uncharged	1.000000	0.000000	0.000000
585.010929	TTT_charged	85.000000	0.000000	0.000000
585.010929	TTT_uncharged	0.000000	0.000000	0.000000
585.010929	__proteinX_rbs	200.000000	0.000000	0.000000
585.010929	__ribosome	99.000000	0.000000	0.000000
585.010929	proteinX	481.000000	185.000000	0.005405
590.498309	ATA_charged	15.000000	0.000000	0.000000
590.498309	ATA_uncharged	0.000000	0.000000	0.000000
590.498309	TTT_charged	85.000000	0.000000	0.000000
590.498309	TTT_uncharged	0.000000	0.000000	0.000000
590.498309	__proteinX_rbs	199.000000	0.000000	0.000000
590.498309	__ribosome	99.000000	0.000000	0.000000
590.498309	proteinX	484.000000	185.000000	0.005405
595.008469	ATA_charged	14.000000	0.000000	0.000000
595.008469	ATA_uncharged	1.000000	0.000000	0.000000
595.008469	TTT_charged	85.000000	0.000000	0.000000
595.008469	TTT_uncharged	0.000000	0.000000	0.000000
595.008469	__proteinX_rbs	200.000000	0.000000	0.000000
595.008469	__ribosome	99.000000	0.000000	0.000000
595.008469	proteinX	487.000000	185.000000	0.005405
600.008137	ATA_charged	15.000000	0.000000	0.000000
600.008137	ATA_uncharged	0.000000	0.000000	0.000000
600.008137	TTT_charged	85.000000	0.000000	0.000000
600.008137	TTT_uncharged	0.000000	0.000000	0.000000
600.008137	__proteinX_rbs	199.000000	0.000000	0.000000
600.008137	__ribosome	99.000000	0.000000	0.000000
600.008137	proteinX	491.000000	185.000000	0.005405
605.108372	ATA_charged	15.000000	0.000000	0.000000
605.108372	ATA_uncharged	0.000000	0.000000	0.000000
605.108372	TTT_charged	85.000000	0.000000	0.000000
605.108372	TTT_uncharged	0.000000	0.000000	0.000000
605.108372	__proteinX_rbs	199.000000	0.000000	0.000000
605.108372	__ribosome	99.000000	0.000000	0.000000
605.108372	proteinX	494.000000	185.000000	0.005405
610.003981	ATA_charged	13.000000	0.000000	0.000000
610.003981	ATA_uncharged	2.000000	0.000000	0.000000
610.003981	TTT_charged	85.000000	0.000000	0.000000
610.003981	TTT_uncharged	0.000000	0.000000	0.000000
610.003981	__proteinX_rbs	200.000000	0.000000	0.000000
610.003981	__ribosome	99.000000	0.000000	0.000000
610.003981	proteinX	496.000000	185.000000	0.005405
615.095368	ATA_charged	15.000000	0.000000	0.000000
615.095368	ATA_uncharged	0.000000	0.000000	0.000000
615.095368	TTT_charged	85.000000	0.000000	0.000000
615.095368	TTT_uncharged	0.000000	0.000000	0.000000
615.095368	__proteinX_rbs	199.000000	0.000000	0.000000
615.095368	__ribosome	99.000000	0.000000	0.000000
615.095368	proteinX	498.000000	185.000000	0.005405
620.747093	ATA_charged	15.000000	0.000000	0.000000
620.747093	ATA_uncharged	0.000000	0.000000	0.000000
620.747093	TTT_charged	85.000000	0.000000	0.000000
620.747093	TTT_uncharged	0.000000	0.000000	0.000000
620.747093	__proteinX_rbs	199.000000	0.000000	0.000000
620.747093	__ribosome	99.000000	0.000000	0.000000
620.747093	proteinX	504.000000	186.000000	0.005376
624.999841	ATA_charged	14.000000	0.000000	0.000000
624.999841	ATA_uncharged	1.000000	0.000000	0.000000
624.999841	TTT_charged	85.000000	0.000000	0.000000
624.999841	TTT_uncharged	0.000000	0.000000	0.000000
624.999841	__proteinX_rbs	199.000000	0.000000	0.000000
624.999841	__ribosome	94.000000	0.000000	0.000000
624.999841	proteinX	508.000000	188.000000	0.031915
630.026179	ATA_charged	14.000000	0.000000	0.000000
630.026179	ATA_uncharged	1.000000	0.000000	0.000000
630.026179	TTT_charged	85.000000	0.000000	0.000000
630.026179	TTT_uncharged	0.000000	0.000000	0.000000
630.026179	__proteinX_rbs	200.000000	0.000000	0.000000
630.026179	__ribosome	99.000000	0.000000	0.000000
630.026179	proteinX	517.000000	188.000000	0.005319
635.016471	ATA_charged	14.000000	0.000000	0.000000
635.016471	ATA_uncharged	1.000000	0.000000	0.000000
635.016471	TTT_charged	85.000000	0.000000	0.000000
635.016471	TTT_uncharged	0.000000	0.000000	0.000000
635.016471	__proteinX_rbs	200.000000	0.000000	0.000000
635.016471	__ribosome	99.000000	0.000000	0.000000
635.016471	proteinX	519.000000	188.000000	0.005319
640.625288	ATA_charged	15.000000	0.000000	0.000000
640.625288	ATA_uncharged	0.000000	0.000000	0.000000
640.625288	TTT_charged	85.000000	0.000000	0.000000
640.625288	TTT_uncharged	0.000000	0.000000	0.000000
640.625288	__proteinX_rbs	199.000000	0.000000	0.000000
640.625288	__ribosome	99.000000	0.000000	0.000000
640.625288	proteinX	522.000000	188.000000	0.005319
644.999097	ATA_charged	14.000000	0.000000	0.000000
644.999097	ATA_uncharged	1.000000	0.000000	0.000000
644.999097	TTT_charged	83.000000	0.000000	0.000000
644.999097	TTT_uncharged	2.000000	0.000000	0.000000
644.999097	__proteinX_rbs	200.000000	0.000000	0.000000
644.999097	__ribosome	98.000000	0.000000	0.000000
644.999097	proteinX	526.000000	190.000000	0.010526
650.002688	ATA_charged	14.000000	0.000000	0.000000
650.002688	ATA_uncharged	1.000000	0.000000	0.000000
650.002688	TTT_charged	85.000000	0.000000	0.000000
650.002688	TTT_uncharged	0.000000	0.000000	0.000000
650.002688	__proteinX_rbs	200.000000	0.000000	0.000000
650.002688	__ribosome	99.000000	0.000000	0.000000
650.002688	proteinX	530.000000	191.000000	0.005236
655.006186	ATA_charged	15.000000	0.000000	0.000000
655.006186	ATA_uncharged	0.000000	0.000000	0.000000
655.006186	TTT_charged	83.000000	0.000000	0.000000
655.006186	TTT_uncharged	2.000000	0.000000	0.000000
655.006186	__proteinX_rbs	200.000000	0.000000	0.000000
655.006186	__ribosome	98.000000	0.000000	0.000000
655.006186	proteinX	533.000000	191.000000	0.010471
660.009704	ATA_charged	12.000000	0.000000	0.000000
660.009704	ATA_uncharged	3.000000	0.000000	0.000000
660.009704	TTT_charged	85.000000	0.000000	0.000000
660.009704	TTT_uncharged	0.000000	0.000000	0.000000
660.009704	__proteinX_rbs	200.000000	0.000000	0.000000
660.009704	__ribosome	95.000000	0.000000	0.000000
660.009704	proteinX	539.000000	191.000000	0.026178
665.027654	ATA_charged	14.000000	0.000000	0.000000
665.027654	ATA_uncharged	1.000000	0.000000	0.000000
665.027654	TTT_charged	85.000000	0.000000	0.000000
665.027654	TTT_uncharged	0.000000	0.000000	0.000000
665.027654	__proteinX_rbs	200.000000	0.000000	0.000000
665.027654	__ribosome	96.000000	0.000000	0.000000
665.027654	proteinX	546.000000	191.000000	0.020942
669.999166	ATA_charged	15.000000	0.000000	0.000000
669.999166	ATA_uncharged	0.000000	0.000000	0.000000
669.999166	TTT_charged	85.000000	0.000000	0.000000
669.999166	TTT_uncharged	0.000000	0.000000	0.000000
669.999166	__proteinX_rbs	200.000000	0.000000	0.000000
669.999166	__ribosome	99.000000	0.000000	0.000000
669.999166	proteinX	552.000000	191.000000	0.005236
677.038392	ATA_charged	15.000000	0.000000	0.000000
677.038392	ATA_uncharged	0.000000	0.000000	0.000000
677.038392	TTT_charged	85.000000	0.000000	0.000000
677.038392	TTT_uncharged	0.000000	0.000000	0.000000
677.038392	__proteinX_rbs	199.000000	0.000000	0.000000
677.038392	__ribosome	99.000000	0.000000	0.000000
677.038392	proteinX	558.000000	191.000000	0.005236
681.507902	ATA_charged	15.000000	0.000000	0.000000
681.507902	ATA_uncharged	0.000000	0.000000	0.000000
681.507902	TTT_charged	85.000000	0.000000	0.000000
681.507902	TTT_uncharged	0.000000	0.000000	0.000000
681.507902	__proteinX_rbs	199.000000	0.000000	0.000000
681.507902	__ribosome	99.000000	0.000000	0.000000
681.507902	proteinX	560.000000	191.000000	0.005236
685.001812	ATA_charged	14.000000	0.000000	0.000000
685.001812	ATA_uncharged	1.000000	0.000000	0.000000
685.001812	TTT_charged	85.000000	0.000000	0.000000
685.001812	TTT_uncharged	0.000000	0.000000	0.000000
685.001812	__proteinX_rbs	200.000000	0.000000	0.000000
685.001812	__ribosome	99.000000	0.000000	0.000000
685.001812	proteinX	562.000000	192.000000	0.005208
690.000266	ATA_charged	14.000000	0.000000	0.000000
690.000266	ATA_uncharged	1.000000	0.000000	0.000000
690.000266	TTT_charged	84.000000	0.000000	0.000000
690.000266	TTT_uncharged	1.000000	0.000000	0.000000
690.000266	__proteinX_rbs	200.000000	0.000000	0.000000
690.000266	__ribosome	96.000000	0.000000	0.000000
690.000266	proteinX	565.000000	192.000000	0.020833
695.003309	ATA_charged	14.000000	0.000000	0.000000
695.003309	ATA_uncharged	1.000000	0.000000	0.000000
695.003309	TTT_charged	85.000000	0.000000	0.000000
695.003309	TTT_uncharged	0.000000	0.000000	0.000000
695.003309	__proteinX_rbs	200.000000	0.000000	0.000000
695.003309	__ribosome	97.000000	0.000000	0.000000
695.003309	proteinX	572.000000	192.000000	0.015625
700.001799	ATA_charged	14.000000	0.000000	0.000000
700.001799	ATA_uncharged	1.000000	0.000000	0.000000
700.001799	TTT_charged	84.000000	0.000000	0.000000
700.001799	TTT_uncharged	1.000000	0.000000	0.000000
700.001799	__proteinX_rbs	200.000000	0.000000	0.000000
700.001799	__ribosome	99.000000	0.000000	0.000000
700.001799	proteinX	575.000000	192.000000	0.005208
704.999706	ATA_charged	13.000000	0.000000	0.000000
704.999706	ATA_uncharged	2.000000	0.000000	0.000000
704.999706	TTT_charged	85.000000	0.000000	0.000000
704.999706	TTT_uncharged	0.000000	0.000000	0.000000
704.999706	__proteinX_rbs	199.000000	0.000000	0.000000
704.999706	__ribosome	96.000000	0.000000	0.000000
704.999706	proteinX	578.000000	192.000000	0.020833
710.000321	ATA_charged	14.000000	0.000000	0.000000
710.000321	ATA_uncharged	1.000000	0.000000	0.000000
710.000321	TTT_charged	85.000000	0.000000	0.000000
710.000321	TTT_uncharged	0.000000	0.000000	0.000000
710.000321	__proteinX_rbs	199.000000	0.000000	0.000000
710.000321	__ribosome	97.000000	0.000000	0.000000
710.000321	proteinX	584.000000	192.000000	0.015625
715.005559	ATA_charged	15.000000	0.000000	0.000000
715.005559	ATA_uncharged	0.000000	0.000000	0.000000
715.005559	TTT_charged	85.000000	0.000000	0.000000
715.005559	TTT_uncharged	0.000000	0.000000	0.000000
715.005559	__proteinX_rbs	200.000000	0.000000	0.000000
715.005559	__ribosome	99.000000	0.000000	0.000000
715.005559	proteinX	590.000000	192.000000	0.005208
720.003145	ATA_charged	12.000000	0.000000	0.000000
720.003145	ATA_uncharged	3.000000	0.000000	0.000000
720.003145	TTT_charged	85.000000	0.000000	0.000000
720.003145	TTT_uncharged	0.000000	0.000000	0.000000
720.003145	__proteinX_rbs	200.000000	0.000000	0.000000
720.003145	__ribosome	98.000000	0.000000	0.000000
720.003145	proteinX	594.000000	192.000000	0.010417
725.005262	ATA_charged	14.000000	0.000000	0.000000
725.005262	ATA_uncharged	1.000000	0.000000	0.000000
725.005262	TTT_charged	84.000000	0.000000	0.000000
725.005262	TTT_uncharged	1.000000	0.000000	0.000000
725.005262	__proteinX_rbs	200.000000	0.000000	0.000000
725.005262	__ribosome	97.000000	0.000000	0.000000
725.005262	proteinX	600.000000	192.000000	0.015625
730.646268	ATA_charged	15.000000	0.000000	0.000000
730.646268	ATA_uncharged	0.000000	0.000000	0.000000
730.646268	TTT_charged	85.000000	0.000000	0.000000
730.646268	TTT_uncharged	0.000000	0.000000	0.000000
730.646268	__proteinX_rbs	199.000000	0.000000	0.000000
730.646268	__ribosome	99.000000	0.000000	0.000000
730.646268	proteinX	605.000000	192.000000	0.005208
735.001398	ATA_charged	15.000000	0.000000	0.000000
735.001398	ATA_uncharged	0.000000	0.000000	0.000000
735.001398	TTT_charged	85.000000	0.000000	0.000000
735.001398	TTT_uncharged	0.000000	0.000000	0.000000
735.001398	__proteinX_rbs	200.000000	0.000000	0.000000
735.001398	__ribosome	99.000000	0.000000	0.000000
735.001398	proteinX	607.000000	192.000000	0.005208
740.000439	ATA_charged	14.000000	0.000000	0.000000
740.000439	ATA_uncharged	1.000000	0.000000	0.000000
740.000439	TTT_charged	85.000000	0.000000	0.000000
740.000439	TTT_uncharged	0.000000	0.000000	0.000000
740.000439	__proteinX_rbs	200.000000	0.000000	0.000000
740.000439	__ribosome	98.000000	0.000000	0.000000
740.000439	proteinX	609.000000	192.000000	0.010417
745.000790	ATA_charged	12.000000	0.000000	0.000000
745.000790	ATA_uncharged	3.000000	0.000000	0.000000
745.000790	TTT_charged	83.000000	0.000000	0.000000
745.000790	TTT_uncharged	2.000000	0.000000	0.000000
745.000790	__proteinX_rbs	200.000000	0.000000	0.000000
745.000790	__ribosome	99.000000	0.000000	0.000000
745.000790	proteinX	611.000000	192.000000	0.005208
750.016224	ATA_charged	14.000000	0.000000	0.000000
750.016224	ATA_uncharged	1.000000	0.000000	0.000000
750.016224	TTT_charged	85.000000	0.000000	0.000000
750.016224	TTT_uncharged	0.000000	0.000000	0.000000
750.016224	__proteinX_rbs	200.000000	0.000000	0.000000
750.016224	__ribosome	98.000000	0.000000	0.000000
750.016224	proteinX	618.000000	192.000000	0.010417
755.004757	ATA_charged	15.000000	0.000000	0.000000
755.004757	ATA_uncharged	0.000000	0.000000	0.000000
755.004757	TTT_charged	85.000000	0.000000	0.000000
755.004757	TTT_uncharged	0.000000	0.000000	0.000000
755.004757	__proteinX_rbs	199.000000	0.000000	0.000000
755.004757	__ribosome	96.000000	0.000000	0.000000
755.004757	proteinX	621.000000	192.000000	0.020833
760.306812	ATA_charged	15.000000	0.000000	0.000000
760.306812	ATA_uncharged	0.000000	0.000000	0.000000
760.306812	TTT_charged	85.000000	0.000000	0.000000
760.306812	TTT_uncharged	0.000000	0.000000	0.000000
760.306812	__proteinX_rbs	199.000000	0.000000	0.000000
760.306812	__ribosome	99.000000	0.000000	0.000000
760.306812	proteinX	628.000000	192.000000	0.005208
765.226978	ATA_charged	15.000000	0.000000	0.000000
765.226978	ATA_uncharged	0.000000	0.000000	0.000000
765.226978	TTT_charged	85.000000	0.000000	0.000000
765.226978	TTT_uncharged	0.000000	0.000000	0.000000
765.226978	__proteinX_rbs	199.000000	0.000000	0.000000
765.226978	__ribosome	99.000000	0.000000	0.000000
765.226978	proteinX	631.000000	192.000000	0.005208
770.001967	ATA_charged	15.000000	0.000000	0.000000
770.001967	ATA_uncharged	0.000000	0.000000	0.000000
770.001967	TTT_charged	85.000000	0.000000	0.000000
770.001967	TTT_uncharged	0.000000	0.000000	0.000000
770.001967	__proteinX_rbs	200.000000	0.000000	0.000000
770.001967	__ribosome	98.000000	0.000000	0.000000
770.001967	proteinX	633.000000	192.000000	0.010417
775.024191	ATA_charged	14.000000	0.000000	0.000000
775.024191	ATA_uncharged	1.000000	0.000000	0.000000
775.024191	TTT_charged	85.000000	0.000000	0.000000
775.024191	TTT_uncharged	0.000000	0.000000	0.000000
775.024191	__proteinX_rbs	200.000000	0.000000	0.000000
775.024191	__ribosome	98.000000	0.000000	0.000000
775.024191	proteinX	636.000000	192.000000	0.010417
780.008737	ATA_charged	13.000000	0.000000	0.000000
780.008737	ATA_uncharged	2.000000	0.000000	0.000000
780.008737	TTT_charged	84.000000	0.000000	0.000000
780.008737	TTT_uncharged	1.000000	0.000000	0.000000
780.008737	__proteinX_rbs	200.000000	0.000000	0.000000
780.008737	__ribosome	99.000000	0.000000	0.000000
780.008737	proteinX	642.000000	192.000000	0.005208
785.009969	ATA_charged	14.000000	0.000000	0.000000
785.009969	ATA_uncharged	1.000000	0.000000	0.000000
785.009969	TTT_charged	85.000000	0.000000	0.000000
785.009969	TTT_uncharged	0.000000	0.000000	0.000000
785.009969	__proteinX_rbs	200.000000	0.000000	0.000000
785.009969	__ribosome	99.000000	0.000000	0.000000
785.009969	proteinX	645.000000	192.000000	0.005208
790.000410	ATA_charged	15.000000	0.000000	0.000000
790.000410	ATA_uncharged	0.000000	0.000000	0.000000
790.000410	TTT_charged	85.000000	0.000000	0.000000
790.000410	TTT_uncharged	0.000000	0.000000	0.000000
790.000410	__proteinX_rbs	200.000000	0.000000	0.000000
790.000410	__ribosome	99.000000	0.000000	0.000000
790.000410	proteinX	648.000000	192.000000	0.005208
794.999774	ATA_charged	14.000000	0.000000	0.000000
794.999774	ATA_uncharged	1.000000	0.000000	0.000000
794.999774	TTT_charged	85.000000	0.000000	0.000000
794.999774	TTT_uncharged	0.000000	0.000000	0.000000
794.999774	__proteinX_rbs	200.000000	0.000000	0.000000
794.999774	__ribosome	99.000000	0.000000	0.000000
794.999774	proteinX	650.000000	192.000000	0.005208
800.004999	ATA_charged	13.000000	0.000000	0.000000
800.004999	ATA_uncharged	2.000000	0.000000	0.000000
800.004999	TTT_charged	85.000000	0.000000	0.000000
800.004999	TTT_uncharged	0.000000	0.000000	0.000000
800.004999	__proteinX_rbs	200.000000	0.000000	0.000000
800.004999	__ribosome	95.000000	0.000000	0.000000
800.004999	proteinX	655.000000	192.000000	0.026042
807.357096	ATA_charged	15.000000	0.000000	0.000000
807.357096	ATA_uncharged	0.000000	0.000000	0.000000
807.357096	TTT_charged	85.000000	0.000000	0.000000
807.357096	TTT_uncharged	0.000000	0.000000	0.000000
807.357096	__proteinX_rbs	199.000000	0.000000	0.000000
807.357096	__ribosome	99.000000	0.000000	0.000000
807.357096	proteinX	662.000000	192.000000	0.005208
811.085078	ATA_charged	15.000000	0.000000	0.000000
811.085078	ATA_uncharged	0.000000	0.000000	0.000000
811.085078	TTT_charged	85.000000	0.000000	0.000000
811.085078	TTT_uncharged	0.000000	0.000000	0.000000
811.085078	__proteinX_rbs	199.000000	0.000000	0.000000
811.085078	__ribosome	99.000000	0.000000	0.000000
811.085078	proteinX	663.000000	192.000000	0.005208
815.619375	ATA_charged	15.000000	0.000000	0.000000
815.619375	ATA_uncharged	0.000000	0.000000	0.000000
815.619375	TTT_charged	85.000000	0.000000	0.000000
815.619375	TTT_uncharged	0.000000	0.000000	0.000000
815.619375	__proteinX_rbs	199.000000	0.000000	0.000000
815.619375	__ribosome	99.000000	0.000000	0.000000
815.619375	proteinX	665.000000	192.000000	0.005208
819.999908	ATA_charged	15.000000	0.000000	0.000000
819.999908	ATA_uncharged	0.000000	0.000000	0.000000
819.999908	TTT_charged	85.000000	0.000000	0.000000
819.999908	TTT_uncharged	0.000000	0.000000	0.000000
819.999908	__proteinX_rbs	200.000000	0.000000	0.000000
819.999908	__ribosome	97.000000	0.000000	0.000000
819.999908	proteinX	668.000000	192.000000	0.015625
825.013776	ATA_charged	14.000000	0.000000	0.000000
825.013776	ATA_uncharged	1.000000	0.000000	0.000000
825.013776	TTT_charged	85.000000	0.000000	0.000000
825.013776	TTT_uncharged	0.000000	0.000000	0.000000
825.013776	__proteinX_rbs	200.000000	0.000000	0.000000
825.013776	__ribosome	98.000000	0.000000	0.000000
825.013776	proteinX	671.000000	192.000000	0.010417
830.295975	ATA_charged	15.000000	0.000000	0.000000
830.295975	ATA_uncharged	0.000000	0.000000	0.000000
830.295975	TTT_charged	85.000000	0.000000	0.000000
830.295975	TTT_uncharged	0.000000	0.000000	0.000000
830.295975	__proteinX_rbs	199.000000	0.000000	0.000000
830.295975	__ribosome	99.000000	0.000000	0.000000
830.295975	proteinX	678.000000	194.000000	0.005155
835.010812	ATA_charged	13.000000	0.000000	0.000000
835.010812	ATA_uncharged	2.000000	0.000000	0.000000
835.010812	TTT_charged	85.000000	0.000000	0.000000
835.010812	TTT_uncharged	0.000000	0.000000	0.000000
835.010812	__proteinX_rbs	200.000000	0.000000	0.000000
835.010812	__ribosome	98.000000	0.000000	0.000000
835.010812	proteinX	680.000000	194.000000	0.010309
840.000713	ATA_charged	14.000000	0.000000	0.000000
840.000713	ATA_uncharged	1.000000	0.000000	0.000000
840.000713	TTT_charged	85.000000	0.000000	0.000000
840.000713	TTT_uncharged	0.000000	0.000000	0.000000
840.000713	__proteinX_rbs	199.000000	0.000000	0.000000
840.000713	__ribosome	98.000000	0.000000	0.000000
840.000713	proteinX	684.000000	194.000000	0.010309
845.008979	ATA_charged	15.000000	0.000000	0.000000
845.008979	ATA_uncharged	0.000000	0.000000	0.000000
845.008979	TTT_charged	85.000000	0.000000	0.000000
845.008979	TTT_uncharged	0.000000	0.000000	0.000000
845.008979	__proteinX_rbs	200.000000	0.000000	0.000000
845.008979	__ribosome	99.000000	0.000000	0.000000
845.008979	proteinX	688.000000	194.000000	0.005155
850.016058	ATA_charged	15.000000	0.000000	0.000000
850.016058	ATA_uncharged	0.000000	0.000000	0.000000
850.016058	TTT_charged	85.000000	0.000000	0.000000
850.016058	TTT_uncharged	0.000000	0.000000	0.000000
850.016058	__proteinX_rbs	199.000000	0.000000	0.000000
850.016058	__ribosome	99.000000	0.000000	0.000000
850.016058	proteinX	691.000000	194.000000	0.005155
857.913506	ATA_charged	15.000000	0.000000	0.000000
857.913506	ATA_uncharged	0.000000	0.000000	0.000000
857.913506	TTT_charged	85.000000	0.000000	0.000000
857.913506	TTT_uncharged	0.000000	0.000000	0.000000
857.913506	__proteinX_rbs	199.000000	0.000000	0.000000
857.913506	__ribosome	99.000000	0.000000	0.000000
857.913506	proteinX	694.000000	194.000000	0.005155
859.999444	ATA_charged	13.000000	0.000000	0.000000
859.999444	ATA_uncharged	2.000000	0.000000	0.000000
859.999444	TTT_charged	82.000000	0.000000	0.000000
859.999444	TTT_uncharged	3.000000	0.000000	0.000000
859.999444	__proteinX_rbs	199.000000	0.000000	0.000000
859.999444	__ribosome	96.000000	0.000000	0.000000
859.999444	proteinX	695.000000	194.000000	0.020619
865.005403	ATA_charged	14.000000	0.000000	0.000000
865.005403	ATA_uncharged	1.000000	0.000000	0.000000
865.005403	TTT_charged	85.000000	0.000000	0.000000
865.005403	TTT_uncharged	0.000000	0.000000	0.000000
865.005403	__proteinX_rbs	200.000000	0.000000	0.000000
865.005403	__ribosome	97.000000	0.000000	0.000000
865.005403	proteinX	700.000000	194.000000	0.015464
870.003210	ATA_charged	14.000000	0.000000	0.000000
870.003210	ATA_uncharged	1.000000	0.000000	0.000000
870.003210	TTT_charged	85.000000	0.000000	0.000000
870.003210	TTT_uncharged	0.000000	0.000000	0.000000
870.003210	__proteinX_rbs	200.000000	0.000000	0.000000
870.003210	__ribosome	97.000000	0.000000	0.000000
870.003210	proteinX	705.000000	194.000000	0.015464
875.010935	ATA_charged	14.000000	0.000000	0.000000
875.010935	ATA_uncharged	1.000000	0.000000	0.000000
875.010935	TTT_charged	85.000000	0.000000	0.000000
875.010935	TTT_uncharged	0.000000	0.000000	0.000000
875.010935	__proteinX_rbs	200.000000	0.000000	0.000000
875.010935	__ribosome	98.000000	0.000000	0.000000
875.010935	proteinX	712.000000	194.000000	0.010309
880.001043	ATA_charged	15.000000	0.000000	0.000000
880.001043	ATA_uncharged	0.000000	0.000000	0.000000
880.001043	TTT_charged	83.000000	0.000000	0.000000
880.001043	TTT_uncharged	2.000000	0.000000	0.000000
880.001043	__proteinX_rbs	200.000000	0.000000	0.000000
880.001043	__ribosome	99.000000	0.000000	0.000000
880.001043	proteinX	715.000000	194.000000	0.005155
888.356886	ATA_charged	15.000000	0.000000	0.000000
888.356886	ATA_uncharged	0.000000	0.000000	0.000000
888.356886	TTT_charged	85.000000	0.000000	0.000000
888.356886	TTT_uncharged	0.000000	0.000000	0.000000
888.356886	__proteinX_rbs	199.000000	0.000000	0.000000
888.356886	__ribosome	99.000000	0.000000	0.000000
888.356886	proteinX	718.000000	194.000000	0.005155
890.002032	ATA_charged	15.000000	0.000000	0.000000
890.002032	ATA_uncharged	0.000000	0.000000	0.000000
890.002032	TTT_charged	83.000000	0.000000	0.000000
890.002032	TTT_uncharged	2.000000	0.000000	0.000000
890.002032	__proteinX_rbs	200.000000	0.000000	0.000000
890.002032	__ribosome	97.000000	0.000000	0.000000
890.002032	proteinX	718.000000	194.000000	0.015464
895.016230	ATA_charged	14.000000	0.000000	0.000000
895.016230	ATA_uncharged	1.000000	0.000000	0.000000
895.016230	TTT_charged	85.000000	0.000000	0.000000
895.016230	TTT_uncharged	0.000000	0.000000	0.000000
895.016230	__proteinX_rbs	200.000000	0.000000	0.000000
895.016230	__ribosome	99.000000	0.000000	0.000000
895.016230	proteinX	723.000000	194.000000	0.005155
900.001132	ATA_charged	15.000000	0.000000	0.000000
900.001132	ATA_uncharged	0.000000	0.000000	0.000000
900.001132	TTT_charged	84.000000	0.000000	0.000000
900.001132	TTT_uncharged	1.000000	0.000000	0.000000
900.001132	__proteinX_rbs	200.000000	0.000000	0.000000
900.001132	__ribosome	98.000000	0.000000	0.000000
900.001132	proteinX	726.000000	194.000000	0.010309
905.682548	ATA_charged	15.000000	0.000000	0.000000
905.682548	ATA_uncharged	0.000000	0.000000	0.000000
905.682548	TTT_charged	85.000000	0.000000	0.000000
905.682548	TTT_uncharged	0.000000	0.000000	0.000000
905.682548	__proteinX_rbs	199.000000	0.000000	0.000000
905.682548	__ribosome	99.000000	0.000000	0.000000
905.682548	proteinX	731.000000	194.000000	0.005155
913.532717	ATA_charged	15.000000	0.000000	0.000000
913.532717	ATA_uncharged	0.000000	0.000000	0.000000
913.532717	TTT_charged	85.000000	0.000000	0.000000
913.532717	TTT_uncharged	0.000000	0.000000	0.000000
913.532717	__proteinX_rbs	199.000000	0.000000	0.000000
913.532717	__ribosome	99.000000	0.000000	0.000000
913.532717	proteinX	736.000000	194.000000	0.005155
915.000639	ATA_charged	14.000000	0.000000	0.000000
915.000639	ATA_uncharged	1.000000	0.000000	0.000000
915.000639	TTT_charged	84.000000	0.000000	0.000000
915.000639	TTT_uncharged	1.000000	0.000000	0.000000
915.000639	__proteinX_rbs	200.000000	0.000000	0.000000
915.000639	__ribosome	97.000000	0.000000	0.000000
915.000639	proteinX	736.000000	194.000000	0.015464
921.250426	ATA_charged	15.000000	0.000000	0.000000
921.250426	ATA_uncharged	0.000000	0.000000	0.000000
921.250426	TTT_charged	85.000000	0.000000	0.000000
921.250426	TTT_uncharged	0.000000	0.000000	0.000000
921.250426	__proteinX_rbs	199.000000	0.000000	0.000000
921.250426	__ribosome	99.000000	0.000000	0.000000
921.250426	proteinX	742.000000	194.000000	0.005155
925.047281	ATA_charged	14.000000	0.000000	0.000000
925.047281	ATA_uncharged	1.000000	0.000000	0.000000
925.047281	TTT_charged	85.000000	0.000000	0.000000
925.047281	TTT_uncharged	0.000000	0.000000	0.000000
925.047281	__proteinX_rbs	200.000000	0.000000	0.000000
925.047281	__ribosome	99.000000	0.000000	0.000000
925.047281	proteinX	744.000000	194.000000	0.005155
930.000138	ATA_charged	13.000000	0.000000	0.000000
930.000138	ATA_uncharged	2.000000	0.000000	0.000000
930.000138	TTT_charged	85.000000	0.000000	0.000000
930.000138	TTT_uncharged	0.000000	0.000000	0.000000
930.000138	__proteinX_rbs	200.000000	0.000000	0.000000
930.000138	__ribosome	98.000000	0.000000	0.000000
930.000138	proteinX	746.000000	194.000000	0.010309
935.000293	ATA_charged	13.000000	0.000000	0.000000
935.000293	ATA_uncharged	2.000000	0.000000	0.000000
935.000293	TTT_charged	85.000000	0.000000	0.000000
935.000293	TTT_uncharged	0.000000	0.000000	0.000000
935.000293	__proteinX_rbs	200.000000	0.000000	0.000000
935.000293	__ribosome	97.000000	0.000000	0.000000
935.000293	proteinX	753.000000	195.000000	0.015385
940.474427	ATA_charged	15.000000	0.000000	0.000000
940.474427	ATA_uncharged	0.000000	0.000000	0.000000
940.474427	TTT_charged	85.000000	0.000000	0.000000
940.474427	TTT_uncharged	0.000000	0.000000	0.000000
940.474427	__proteinX_rbs	199.000000	0.000000	0.000000
940.474427	__ribosome	99.000000	0.000000	0.000000
940.474427	proteinX	761.000000	195.000000	0.005128
945.000592	ATA_charged	15.000000	0.000000	0.000000
945.000592	ATA_uncharged	0.000000	0.000000	0.000000
945.000592	TTT_charged	84.000000	0.000000	0.000000
945.000592	TTT_uncharged	1.000000	0.000000	0.000000
945.000592	__proteinX_rbs	200.000000	0.000000	0.000000
945.000592	__ribosome	99.000000	0.000000	0.000000
945.000592	proteinX	765.000000	195.000000	0.005128
949.999203	ATA_charged	13.000000	0.000000	0.000000
949.999203	ATA_uncharged	2.000000	0.000000	0.000000
949.999203	TTT_charged	84.000000	0.000000	0.000000
949.999203	TTT_uncharged	1.000000	0.000000	0.000000
949.999203	__proteinX_rbs	200.000000	0.000000	0.000000
949.999203	__ribosome	96.000000	0.000000	0.000000
949.999203	proteinX	770.000000	195.000000	0.020513
956.797414	ATA_charged	15.000000	0.000000	0.000000
956.797414	ATA_uncharged	0.000000	0.000000	0.000000
956.797414	TTT_charged	85.000000	0.000000	0.000000
956.797414	TTT_uncharged	0.000000	0.000000	0.000000
956.797414	__proteinX_rbs	199.000000	0.000000	0.000000
956.797414	__ribosome	99.000000	0.000000	0.000000
956.797414	proteinX	776.000000	195.000000	0.005128
962.637689	ATA_charged	15.000000	0.000000	0.000000
962.637689	ATA_uncharged	0.000000	0.000000	0.000000
962.637689	TTT_charged	85.000000	0.000000	0.000000
962.637689	TTT_uncharged	0.000000	0.000000	0.000000
962.637689	__proteinX_rbs	199.000000	0.000000	0.000000
962.637689	__ribosome	99.000000	0.000000	0.000000
962.637689	proteinX	777.000000	195.000000	0.005128
964.999300	ATA_charged	14.000000	0.000000	0.000000
964.999300	ATA_uncharged	1.000000	0.000000	0.000000
964.999300	TTT_charged	85.000000	0.000000	0.000000
964.999300	TTT_uncharged	0.000000	0.000000	0.000000
964.999300	__proteinX_rbs	200.000000	0.000000	0.000000
964.999300	__ribosome	99.000000	0.000000	0.000000
964.999300	proteinX	778.000000	195.000000	0.005128
970.015417	ATA_charged	14.000000	0.000000	0.000000
970.015417	ATA_uncharged	1.000000	0.000000	0.000000
970.015417	TTT_charged	85.000000	0.000000	0.000000
970.015417	TTT_uncharged	0.000000	0.000000	0.000000
970.015417	__proteinX_rbs	200.000000	0.000000	0.000000
970.015417	__ribosome	99.000000	0.000000	0.000000
970.015417	proteinX	782.000000	195.000000	0.005128
975.003200	ATA_charged	14.000000	0.000000	0.000000
975.003200	ATA_uncharged	1.000000	0.000000	0.000000
975.003200	TTT_charged	85.000000	0.000000	0.000000
975.003200	TTT_uncharged	0.000000	0.000000	0.000000
975.003200	__proteinX_rbs	200.000000	0.000000	0.000000
975.003200	__ribosome	99.000000	0.000000	0.000000
975.003200	proteinX	785.000000	195.000000	0.005128
980.005597	ATA_charged	14.000000	0.000000	0.000000
980.005597	ATA_uncharged	1.000000	0.000000	0.000000
980.005597	TTT_charged	85.000000	0.000000	0.000000
980.005597	TTT_uncharged	0.000000	0.000000	0.000000
980.005597	__proteinX_rbs	200.000000	0.000000	0.000000
980.005597	__ribosome	98.000000	0.000000	0.000000
980.005597	proteinX	786.000000	195.000000	0.010256
985.004126	ATA_charged	14.000000	0.000000	0.000000
985.004126	ATA_uncharged	1.000000	0.000000	0.000000
985.004126	TTT_charged	85.000000	0.000000	0.000000
985.004126	TTT_uncharged	0.000000	0.000000	0.000000
985.004126	__proteinX_rbs	200.000000	0.000000	0.000000
985.004126	__ribosome	98.000000	0.000000	0.000000
985.004126	proteinX	790.000000	195.000000	0.010256
990.025673	ATA_charged	14.000000	0.000000	0.000000
990.025673	ATA_uncharged	1.000000	0.000000	0.000000
990.025673	TTT_charged	85.000000	0.000000	0.000000
990.025673	TTT_uncharged	0.000000	0.000000	0.000000
990.025673	__proteinX_rbs	200.000000	0.000000	0.000000
990.025673	__ribosome	98.000000	0.000000	0.000000
990.025673	proteinX	797.000000	195.000000	0.010256
995.023153	ATA_charged	14.000000	0.000000	0.000000
995.023153	ATA_uncharged	1.000000	0.000000	0.000000
995.023153	TTT_charged	85.000000	0.000000	0.000000
995.023153	TTT_uncharged	0.000000	0.000000	0.000000
995.023153	__proteinX_rbs	200.000000	0.000000	0.000000
995.023153	__ribosome	99.000000	0.000000	0.000000
995.023153	proteinX	803.000000	197.000000	0.005076
1000.057088	ATA_charged	15.000000	0.000000	0.000000
1000.057088	ATA_uncharged	0.000000	0.000000	0.000000
1000.057088	TTT_charged	85.000000	0.000000	0.000000
1000.057088	TTT_uncharged	0.000000	0.000000	0.000000
1000.057088	__proteinX_rbs	199.000000	0.000000	0.000000
1000.057088	__ribosome	99.000000	0.000000	0.000000
1000.057088	proteinX	805.000000	197.000000	0.005076
1005.022801	ATA_charged	14.000000	0.000000	0.000000
1005.022801	ATA_uncharged	1.000000	0.000000	0.000000
1005.022801	TTT_charged	85.000000	0.000000	0.000000
1005.022801	TTT_uncharged	0.000000	0.000000	0.000000
1005.022801	__proteinX_rbs	200.000000	0.000000	0.000000
1005.022801	__ribosome	99.000000	0.000000	0.000000
1005.022801	proteinX	811.000000	197.000000	0.005076
1010.654897	ATA_charged	15.000000	0.000000	0.000000
1010.654897	ATA_uncharged	0.000000	0.000000	0.000000
1010.654897	TTT_charged	85.000000	0.000000	0.000000
1010.654897	TTT_uncharged	0.000000	0.000000	0.000000
1010.654897	__proteinX_rbs	199.000000	0.000000	0.000000
1010.654897	__ribosome	99.000000	0.000000	0.000000
1010.654897	proteinX	814.000000	197.000000	0.005076
1014.999988	ATA_charged	14.000000	0.000000	0.000000
1014.999988	ATA_uncharged	1.000000	0.000000	0.000000
1014.999988	TTT_charged	85.000000	0.000000	0.000000
1014.999988	TTT_uncharged	0.000000	0.000000	0.000000
1014.999988	__proteinX_rbs	200.000000	0.000000	0.000000
1014.999988	__ribosome	98.000000	0.000000	0.000000
1014.999988	proteinX	816.000000	197.000000	0.010152
1020.000617	ATA_charged	13.000000	0.000000	0.000000
1020.000617	ATA_uncharged	2.000000	0.000000	0.000000
1020.000617	TTT_charged	85.000000	0.000000	0.000000
1020.000617	TTT_uncharged	0.000000	0.000000	0.000000
1020.000617	__proteinX_rbs	200.000000	0.000000	0.000000
1020.000617	__ribosome	98.000000	0.000000	0.000000
1020.000617	proteinX	819.000000	197.000000	0.010152
1025.012282	ATA_charged	15.000000	0.000000	0.000000
1025.012282	ATA_uncharged	0.000000	0.000000	0.000000
1025.012282	TTT_charged	85.000000	0.000000	0.000000
1025.012282	TTT_uncharged	0.000000	0.000000	0.000000
1025.012282	__proteinX_rbs	200.000000	0.000000	0.000000
1025.012282	__ribosome	99.000000	0.000000	0.000000
1025.012282	proteinX	823.000000	197.000000	0.005076
1029.999538	ATA_charged	15.000000	0.000000	0.000000
1029.999538	ATA_uncharged	0.000000	0.000000	0.000000
1029.999538	TTT_charged	85.000000	0.000000	0.000000
1029.999538	TTT_uncharged	0.000000	0.000000	0.000000
1029.999538	__proteinX_rbs	200.000000	0.000000	0.000000
1029.999538	__ribosome	99.000000	0.000000	0.000000
1029.999538	proteinX	830.000000	197.000000	0.005076
1035.617055	ATA_charged	15.000000	0.000000	0.000000
1035.617055	ATA_uncharged	0.000000	0.000000	0.000000
1035.617055	TTT_charged	85.000000	0.000000	0.000000
1035.617055	TTT_uncharged	0.000000	0.000000	0.000000
1035.617055	__proteinX_rbs	199.000000	0.000000	0.000000
1035.617055	__ribosome	99.000000	0.000000	0.000000
1035.617055	proteinX	832.000000	197.000000	0.005076
1040.010744	ATA_charged	14.000000	0.000000	0.000000
1040.010744	ATA_uncharged	1.000000	0.000000	0.000000
1040.010744	TTT_charged	85.000000	0.000000	0.000000
1040.010744	TTT_uncharged	0.000000	0.000000	0.000000
1040.010744	__proteinX_rbs	200.000000	0.000000	0.000000
1040.010744	__ribosome	98.000000	0.000000	0.000000
1040.010744	proteinX	836.000000	197.000000	0.010152
1044.999615	ATA_charged	15.000000	0.000000	0.000000
1044.999615	ATA_uncharged	0.000000	0.000000	0.000000
1044.999615	TTT_charged	85.000000	0.000000	0.000000
1044.999615	TTT_uncharged	0.000000	0.000000	0.000000
1044.999615	__proteinX_rbs	200.000000	0.000000	0.000000
1044.999615	__ribosome	98.000000	0.000000	0.000000
1044.999615	proteinX	840.000000	197.000000	0.010152
1049.999179	ATA_charged	15.000000	0.000000	0.000000
1049.999179	ATA_uncharged	0.000000	0.000000	0.000000
1049.999179	TTT_charged	84.000000	0.000000	0.000000
1049.999179	TTT_uncharged	1.000000	0.000000	0.000000
1049.999179	__proteinX_rbs	200.000000	0.000000	0.000000
1049.999179	__ribosome	99.000000	0.000000	0.000000
1049.999179	proteinX	843.000000	197.000000	0.005076
1055.002030	ATA_charged	14.000000	0.000000	0.000000
1055.002030	ATA_uncharged	1.000000	0.000000	0.000000
1055.002030	TTT_charged	85.000000	0.000000	0.000000
1055.002030	TTT_uncharged	0.000000	0.000000	0.000000
1055.002030	__proteinX_rbs	200.000000	0.000000	0.000000
1055.002030	__ribosome	98.000000	0.000000	0.000000
1055.002030	proteinX	845.000000	197.000000	0.010152
1060.967907	ATA_charged	15.000000	0.000000	0.000000
1060.967907	ATA_uncharged	0.000000	0.000000	0.000000
1060.967907	TTT_charged	85.000000	0.000000	0.000000
1060.967907	TTT_uncharged	0.000000	0.000000	0.000000
1060.967907	__proteinX_rbs	199.000000	0.000000	0.000000
1060.967907	__ribosome	99.000000	0.000000	0.000000
1060.967907	proteinX	853.000000	197.000000	0.005076
1066.853275	ATA_charged	15.000000	0.000000	0.000000
1066.853275	ATA_uncharged	0.000000	0.000000	0.000000
1066.853275	TTT_charged	85.000000	0.000000	0.000000
1066.853275	TTT_uncharged	0.000000	0.000000	0.000000
1066.853275	__proteinX_rbs	199.000000	0.000000	0.000000
1066.853275	__ribosome	99.000000	0.000000	0.000000
1066.853275	proteinX	857.000000	197.000000	0.005076
1069.999987	ATA_charged	13.000000	0.000000	0.000000
1069.999987	ATA_uncharged	2.000000	0.000000	0.000000
1069.999987	TTT_charged	85.000000	0.000000	0.000000
1069.999987	TTT_uncharged	0.000000	0.000000	0.000000
1069.999987	__proteinX_rbs	200.000000	0.000000	0.000000
1069.999987	__ribosome	97.000000	0.000000	0.000000
1069.999987	proteinX	858.000000	197.000000	0.015228
1075.248604	ATA_charged	15.000000	0.000000	0.000000
1075.248604	ATA_uncharged	0.000000	0.000000	0.000000
1075.248604	TTT_charged	85.000000	0.000000	0.000000
1075.248604	TTT_uncharged	0.000000	0.000000	0.000000
1075.248604	__proteinX_rbs	199.000000	0.000000	0.000000
1075.248604	__ribosome	99.000000	0.000000	0.000000
1075.248604	proteinX	863.000000	197.000000	0.005076
1080.091593	ATA_charged	14.000000	0.000000	0.000000
1080.091593	ATA_uncharged	1.000000	0.000000	0.000000
1080.091593	TTT_charged	85.000000	0.000000	0.000000
1080.091593	TTT_uncharged	0.000000	0.000000	0.000000
1080.091593	__proteinX_rbs	200.000000	0.000000	0.000000
1080.091593	__ribosome	99.000000	0.000000	0.000000
1080.091593	proteinX	868.000000	197.000000	0.005076
1084.999489	ATA_charged	14.000000	0.000000	0.000000
1084.999489	ATA_uncharged	1.000000	0.000000	0.000000
1084.999489	TTT_charged	85.000000	0.000000	0.000000
1084.999489	TTT_uncharged	0.000000	0.000000	0.000000
1084.999489	__proteinX_rbs	200.000000	0.000000	0.000000
1084.999489	__ribosome	99.000000	0.000000	0.000000
1084.999489	proteinX	872.000000	197.000000	0.005076
1092.980301	ATA_charged	15.000000	0.000000	0.000000
1092.980301	ATA_uncharged	0.000000	0.000000	0.000000
1092.980301	TTT_charged	85.000000	0.000000	0.000000
1092.980301	TTT_uncharged	0.000000	0.000000	0.000000
1092.980301	__proteinX_rbs	199.000000	0.000000	0.000000
1092.980301	__ribosome	99.000000	0.000000	0.000000
1092.980301	proteinX	876.000000	197.000000	0.005076
1095.003957	ATA_charged	14.000000	0.000000	0.000000
1095.003957	ATA_uncharged	1.000000	0.000000	0.000000
1095.003957	TTT_charged	85.000000	0.000000	0.000000
1095.003957	TTT_uncharged	0.000000	0.000000	0.000000
1095.003957	__proteinX_rbs	199.000000	0.000000	0.000000
1095.003957	__ribosome	97.000000	0.000000	0.000000
1095.003957	proteinX	877.000000	197.000000	0.015228
1099.999021	ATA_charged	14.000000	0.000000	0.000000
1099.999021	ATA_uncharged	1.000000	0.000000	0.000000
1099.999021	TTT_charged	84.000000	0.000000	0.000000
1099.999021	TTT_uncharged	1.000000	0.000000	0.000000
1099.999021	__proteinX_rbs	200.000000	0.000000	0.000000
1099.999021	__ribosome	98.000000	0.000000	0.000000
1099.999021	proteinX	882.000000	197.000000	0.010152
1106.783531	ATA_charged	15.000000	0.000000	0.000000
1106.783531	ATA_uncharged	0.000000	0.000000	0.000000
1106.783531	TTT_charged	85.000000	0.000000	0.000000
1106.783531	TTT_uncharged	0.000000	0.000000	0.000000
1106.783531	__proteinX_rbs	199.000000	0.000000	0.000000
1106.783531	__ribosome	99.000000	0.000000	0.000000
1106.783531	proteinX	887.000000	197.000000	0.005076
1111.720567	ATA_charged	15.000000	0.000000	0.000000
1111.720567	ATA_uncharged	0.000000	0.000000	0.000000
1111.720567	TTT_charged	85.000000	0.000000	0.000000
1111.720567	TTT_uncharged	0.000000	0.000000	0.000000
1111.720567	__proteinX_rbs	199.000000	0.000000	0.000000
1111.720567	__ribosome	99.000000	0.000000	0.000000
1111.720567	proteinX	890.000000	197.000000	0.005076
1115.005485	ATA_charged	14.000000	0.000000	0.000000
1115.005485	ATA_uncharged	1.000000	0.000000	0.000000
1115.005485	TTT_charged	85.000000	0.000000	0.000000
1115.005485	TTT_uncharged	0.000000	0.000000	0.000000
1115.005485	__proteinX_rbs	200.000000	0.000000	0.000000
1115.005485	__ribosome	99.000000	0.000000	0.000000
1115.005485	proteinX	891.000000	197.000000	0.005076
1119.999356	ATA_charged	15.000000	0.000000	0.000000
1119.999356	ATA_uncharged	0.000000	0.000000	0.000000
1119.999356	TTT_charged	85.000000	0.000000	0.000000
1119.999356	TTT_uncharged	0.000000	0.000000	0.000000
1119.999356	__proteinX_rbs	200.000000	0.000000	0.000000
1119.999356	__ribosome	99.000000	0.000000	0.000000
1119.999356	proteinX	894.000000	197.000000	0.005076
1125.416936	ATA_charged	15.000000	0.000000	0.000000
1125.416936	ATA_uncharged	0.000000	0.000000	0.000000
1125.416936	TTT_charged	85.000000	0.000000	0.000000
1125.416936	TTT_uncharged	0.000000	0.000000	0.000000
1125.416936	__proteinX_rbs	199.000000	0.000000	0.000000
1125.416936	__ribosome	99.000000	0.000000	0.000000
1125.416936	proteinX	897.000000	197.000000	0.005076
1130.004324	ATA_charged	15.000000	0.000000	0.000000
1130.004324	ATA_uncharged	0.000000	0.000000	0.000000
1130.004324	TTT_charged	85.000000	0.000000	0.000000
1130.004324	TTT_uncharged	0.000000	0.000000	0.000000
1130.004324	__proteinX_rbs	200.000000	0.000000	0.000000
1130.004324	__ribosome	98.000000	0.000000	0.000000
1130.004324	proteinX	899.000000	197.000000	0.010152
1135.000211	ATA_charged	11.000000	0.000000	0.000000
1135.000211	ATA_uncharged	4.000000	0.000000	0.000000
1135.000211	TTT_charged	85.000000	0.000000	0.000000
1135.000211	TTT_uncharged	0.000000	0.000000	0.000000
1135.000211	__proteinX_rbs	200.000000	0.000000	0.000000
1135.000211	__ribosome	95.000000	0.000000	0.000000
1135.000211	proteinX	906.000000	197.000000	0.025381
1139.999643	ATA_charged	14.000000	0.000000	0.000000
1139.999643	ATA_uncharged	1.000000	0.000000	0.000000
1139.999643	TTT_charged	85.000000	0.000000	0.000000
1139.999643	TTT_uncharged	0.000000	0.000000	0.000000
1139.999643	__proteinX_rbs	200.000000	0.000000	0.000000
1139.999643	__ribosome	97.000000	0.000000	0.000000
1139.999643	proteinX	914.000000	197.000000	0.015228
1145.202484	ATA_charged	15.000000	0.000000	0.000000
1145.202484	ATA_uncharged	0.000000	0.000000	0.000000
1145.202484	TTT_charged	85.000000	0.000000	0.000000
1145.202484	TTT_uncharged	0.000000	0.000000	0.000000
1145.202484	__proteinX_rbs	199.000000	0.000000	0.000000
1145.202484	__ribosome	99.000000	0.000000	0.000000
1145.202484	proteinX	921.000000	197.000000	0.005076
1150.011389	ATA_charged	14.000000	0.000000	0.000000
1150.011389	ATA_uncharged	1.000000	0.000000	0.000000
1150.011389	TTT_charged	85.000000	0.000000	0.000000
1150.011389	TTT_uncharged	0.000000	0.000000	0.000000
1150.011389	__proteinX_rbs	199.000000	0.000000	0.000000
1150.011389	__ribosome	99.000000	0.000000	0.000000
1150.011389	proteinX	922.000000	197.000000	0.005076
1154.999473	ATA_charged	14.000000	0.000000	0.000000
1154.999473	ATA_uncharged	1.000000	0.000000	0.000000
1154.999473	TTT_charged	83.000000	0.000000	0.000000
1154.999473	TTT_uncharged	2.000000	0.000000	0.000000
1154.999473	__proteinX_rbs	199.000000	0.000000	0.000000
1154.999473	__ribosome	98.000000	0.000000	0.000000
1154.999473	proteinX	926.000000	197.000000	0.010152
1160.223621	ATA_charged	15.000000	0.000000	0.000000
1160.223621	ATA_uncharged	0.000000	0.000000	0.000000
1160.223621	TTT_charged	85.000000	0.000000	0.000000
1160.223621	TTT_uncharged	0.000000	0.000000	0.000000
1160.223621	__proteinX_rbs	199.000000	0.000000	0.000000
1160.223621	__ribosome	99.000000	0.000000	0.000000
1160.223621	proteinX	931.000000	197.000000	0.005076
1165.003455	ATA_charged	13.000000	0.000000	0.000000
1165.003455	ATA_uncharged	2.000000	0.000000	0.000000
1165.003455	TTT_charged	85.000000	0.000000	0.000000
1165.003455	TTT_uncharged	0.000000	0.000000	0.000000
1165.003455	__proteinX_rbs	199.000000	0.000000	0.000000
1165.003455	__ribosome	96.000000	0.000000	0.000000
1165.003455	proteinX	933.000000	197.000000	0.020305
1170.004782	ATA_charged	15.000000	0.000000	0.000000
1170.004782	ATA_uncharged	0.000000	0.000000	0.000000
1170.004782	TTT_charged	85.000000	0.000000	0.000000
1170.004782	TTT_uncharged	0.000000	0.000000	0.000000
1170.004782	__proteinX_rbs	200.000000	0.000000	0.000000
1170.004782	__ribosome	97.000000	0.000000	0.000000
1170.004782	proteinX	943.000000	197.000000	0.015228
1177.457369	ATA_charged	15.000000	0.000000	0.000000
1177.457369	ATA_uncharged	0.000000	0.000000	0.000000
1177.457369	TTT_charged	85.000000	0.000000	0.000000
1177.457369	TTT_uncharged	0.000000	0.000000	0.000000
1177.457369	__proteinX_rbs	199.000000	0.000000	0.000000
1177.457369	__ribosome	99.000000	0.000000	0.000000
1177.457369	proteinX	950.000000	197.000000	0.005076
1180.002589	ATA_charged	15.000000	0.000000	0.000000
1180.002589	ATA_uncharged	0.000000	0.000000	0.000000
1180.002589	TTT_charged	85.000000	0.000000	0.000000
1180.002589	TTT_uncharged	0.000000	0.000000	0.000000
1180.002589	__proteinX_rbs	200.000000	0.000000	0.000000
1180.002589	__ribosome	99.000000	0.000000	0.000000
1180.002589	proteinX	951.000000	197.000000	0.005076
1185.797570	ATA_charged	15.000000	0.000000	0.000000
1185.797570	ATA_uncharged	0.000000	0.000000	0.000000
1185.797570	TTT_charged	85.000000	0.000000	0.000000
1185.797570	TTT_uncharged	0.000000	0.000000	0.000000
1185.797570	__proteinX_rbs	199.000000	0.000000	0.000000
1185.797570	__ribosome	99.000000	0.000000	0.000000
1185.797570	proteinX	957.000000	197.000000	0.005076
1192.061471	ATA_charged	15.000000	0.000000	0.000000
1192.061471	ATA_uncharged	0.000000	0.000000	0.000000
1192.061471	TTT_charged	85.000000	0.000000	0.000000
1192.061471	TTT_uncharged	0.000000	0.000000	0.000000
1192.061471	__proteinX_rbs	199.000000	0.000000	0.000000
1192.061471	__ribosome	99.000000	0.000000	0.000000
1192.061471	proteinX	958.000000	197.000000	0.005076
1195.000315	ATA_charged	13.000000	0.000000	0.000000
1195.000315	ATA_uncharged	2.000000	0.000000	0.000000
1195.000315	TTT_charged	85.000000	0.000000	0.000000
1195.000315	TTT_uncharged	0.000000	0.000000	0.000000
1195.000315	__proteinX_rbs	200.000000	0.000000	0.000000
1195.000315	__ribosome	98.000000	0.000000	0.000000
1195.000315	proteinX	960.000000	197.000000	0.010152
